snapped_at,price,market_cap,total_volume
2018-06-07 00:00:00 UTC,4.7599365163078975,0.0,45779929.05633715
2018-06-08 00:00:00 UTC,4.706363380851842,0.0,43903151.53322292
2018-06-09 00:00:00 UTC,4.971429502472776,0.0,80184515.63194144
2018-06-10 00:00:00 UTC,5.1105700640115685,0.0,51007687.167329796
2018-06-11 00:00:00 UTC,4.226070982940137,0.0,80392852.5449308
2018-06-12 00:00:00 UTC,4.360904772621183,0.0,62431403.85028046
2018-06-13 00:00:00 UTC,4.078345292407368,0.0,56636660.035189696
2018-06-14 00:00:00 UTC,3.9889418904104237,0.0,51939367.913755804
2018-06-15 00:00:00 UTC,4.22302666537951,0.0,47481676.5246396
2018-06-16 00:00:00 UTC,3.981347511183379,0.0,32268267.364337
2018-06-17 00:00:00 UTC,4.018828696860473,0.0,18151977.74473688
2018-06-18 00:00:00 UTC,3.943790649011366,0.0,21538206.39525771
2018-06-19 00:00:00 UTC,4.01213957098882,0.0,21225627.099076275
2018-06-20 00:00:00 UTC,5.278380799372324,0.0,182420120.53015283
2018-06-21 00:00:00 UTC,4.932644976766066,1479793493.0298197,60444090.028120644
2018-06-22 00:00:00 UTC,4.6616780295987885,1398503408.8796365,46498428.421450265
2018-06-23 00:00:00 UTC,4.21874505538262,1265623516.614786,40371692.74993444
2018-06-24 00:00:00 UTC,3.9772643382708033,1193179301.481241,55031809.1036
2018-06-25 00:00:00 UTC,3.7736123669768467,1132083710.093054,64146616.07778005
2018-06-26 00:00:00 UTC,3.8701543745532914,1161046312.3659875,37285851.94725554
2018-06-27 00:00:00 UTC,3.702234718441831,1110670415.5325494,18636326.62155879
2018-06-28 00:00:00 UTC,3.8082790998781246,1142483729.9634373,26539028.372686893
2018-06-29 00:00:00 UTC,3.6513583354667287,1095407500.6400187,16792033.537436966
2018-06-30 00:00:00 UTC,3.7744671269592063,1132340138.0877619,21005831.369279765
2018-07-01 00:00:00 UTC,3.802225332778919,1140667599.8336756,23400476.321520425
2018-07-02 00:00:00 UTC,3.752672443269417,1125801732.9808252,19948278.07991677
2018-07-03 00:00:00 UTC,4.015157280167843,1204547184.0503528,671250102.1196141
2018-07-04 00:00:00 UTC,3.9013328830018135,1170399864.900544,130697043.2870935
2018-07-05 00:00:00 UTC,3.9184378718140356,1175531361.5442107,18098615.9870717
2018-07-06 00:00:00 UTC,3.877155203893214,1163146561.1679642,21928748.990928534
2018-07-07 00:00:00 UTC,3.830058082870575,1149017424.8611724,19434619.470332205
2018-07-08 00:00:00 UTC,3.8923713268063547,1167711398.0419064,48850469.0520991
2018-07-09 00:00:00 UTC,3.8777340904629005,1163320227.13887,24551167.79663396
2018-07-10 00:00:00 UTC,3.7261462744893805,1117843882.3468142,23421402.030246947
2018-07-11 00:00:00 UTC,3.492866675377713,1047860002.6133139,28666958.58152144
2018-07-12 00:00:00 UTC,3.6018045949225743,1080541378.4767723,55006298.91368646
2018-07-13 00:00:00 UTC,3.485402533358205,1045620760.0074614,24069865.518941987
2018-07-14 00:00:00 UTC,3.461828919413892,1038548675.8241675,19748927.154000204
2018-07-15 00:00:00 UTC,3.427415218197467,1028224565.4592402,13319292.354184462
2018-07-16 00:00:00 UTC,3.539856761680136,1061957028.5040408,23289097.91932759
2018-07-17 00:00:00 UTC,3.646274320276931,1093882296.0830793,29391387.06184693
2018-07-18 00:00:00 UTC,3.8078054266211416,1142341627.9863424,28126819.60460226
2018-07-19 00:00:00 UTC,3.7742675850729874,1132280275.5218961,41928446.05233448
2018-07-20 00:00:00 UTC,3.7310700167606132,1119321005.028184,30083462.84815203
2018-07-21 00:00:00 UTC,3.7085806909221586,1112574207.2766476,49448929.363825046
2018-07-22 00:00:00 UTC,3.712478586909639,1113743576.0728917,84858024.23869087
2018-07-23 00:00:00 UTC,3.6037737333207542,1081132119.9962263,28020684.970667675
2018-07-24 00:00:00 UTC,3.612222822227539,1083666846.6682618,35759101.44281077
2018-07-25 00:00:00 UTC,3.631687909762356,1089506372.928707,27207298.362676404
2018-07-26 00:00:00 UTC,3.6168529919768195,1085055897.593046,27200661.189585328
2018-07-27 00:00:00 UTC,3.6739392711278858,1102181781.3383658,12779977.783605395
2018-07-28 00:00:00 UTC,3.722815999194063,1116844799.7582188,52130803.74041316
2018-07-29 00:00:00 UTC,3.854345004962396,1156303501.488719,55501726.329559095
2018-07-30 00:00:00 UTC,3.8378838114815004,1151365143.4444501,49914895.03348257
2018-07-31 00:00:00 UTC,3.7918664108871947,1137559923.2661583,50472984.025615096
2018-08-01 00:00:00 UTC,3.701384127064362,1110415238.1193085,60912369.28080029
2018-08-02 00:00:00 UTC,3.333704020692792,1000111206.2078376,105835520.02498017
2018-08-03 00:00:00 UTC,3.0899553001606583,926986590.0481975,58475088.72298366
2018-08-04 00:00:00 UTC,3.2125661171219537,963769835.1365862,422818341.16882527
2018-08-05 00:00:00 UTC,3.2108726125124467,963261783.753734,66759679.7211377
2018-08-06 00:00:00 UTC,3.2347735311948185,970432059.3584456,70507125.99122253
2018-08-07 00:00:00 UTC,3.263462607415197,979038782.2245591,51579692.38401666
2018-08-08 00:00:00 UTC,3.0387085308571917,911612559.2571574,42886137.87571946
2018-08-09 00:00:00 UTC,2.56890858371985,770672575.115955,73361363.98095562
2018-08-10 00:00:00 UTC,2.5887715803766933,776631474.113008,50134217.520235814
2018-08-11 00:00:00 UTC,2.3287907689701375,698637230.6910414,71396527.44630058
2018-08-12 00:00:00 UTC,2.228269807524938,668480942.2574815,41375661.146287665
2018-08-13 00:00:00 UTC,2.231524826943667,669457448.0831001,28314483.348423455
2018-08-14 00:00:00 UTC,1.9905417830591559,597162534.9177468,39925380.416565605
2018-08-15 00:00:00 UTC,1.8812843377819077,564385301.3345723,44178144.05074449
2018-08-16 00:00:00 UTC,1.9620596753142703,588474836.327748,48450560.57652533
2018-08-17 00:00:00 UTC,1.948413470645314,584524041.1935942,31868123.024530046
2018-08-18 00:00:00 UTC,2.135285088516555,640585526.5549664,95845097.28123172
2018-08-19 00:00:00 UTC,1.9745423517665808,592362705.5299743,37086427.16474604
2018-08-20 00:00:00 UTC,2.0767824734413733,623034742.0324119,51689383.34653814
2018-08-21 00:00:00 UTC,1.797375214105049,539212564.2315147,39800047.24501726
2018-08-22 00:00:00 UTC,1.861354937042462,558406481.1127386,30353729.682754494
2018-08-23 00:00:00 UTC,1.7837100571452975,535113017.1435894,43763730.7786787
2018-08-24 00:00:00 UTC,1.8282430639710923,548472919.1913276,24579204.027970824
2018-08-25 00:00:00 UTC,1.8707292500250816,561218775.0075246,28314093.806738053
2018-08-26 00:00:00 UTC,1.8212605070661292,546378152.1198387,27986870.02795161
2018-08-27 00:00:00 UTC,1.79806619234372,539419857.703116,25908117.961370472
2018-08-28 00:00:00 UTC,1.8828998889859672,564869966.69579,35987995.639959276
2018-08-29 00:00:00 UTC,1.9167213077568428,575016392.327053,47584280.57412507
2018-08-30 00:00:00 UTC,1.8853394637288465,565601839.1186541,29065313.653668948
2018-08-31 00:00:00 UTC,1.8360565080704394,550816952.4211317,29707874.12060601
2018-09-01 00:00:00 UTC,1.8396843534048883,551905306.0214664,22870288.068346485
2018-09-02 00:00:00 UTC,1.8797093241316694,563912797.2395006,28887136.630870808
2018-09-03 00:00:00 UTC,1.8697766959953575,560933008.7986071,22847022.020535737
2018-09-04 00:00:00 UTC,1.836763367974842,551029010.3924526,17028269.031793837
2018-09-05 00:00:00 UTC,1.8325873402204824,549818741.0538886,18512532.61468029
2018-09-06 00:00:00 UTC,1.547183439344773,466334754.1748082,34341076.82702804
2018-09-07 00:00:00 UTC,1.497854073315351,447206517.3483471,25488006.54472741
2018-09-08 00:00:00 UTC,1.4441529470037655,433245884.1011298,17550253.502853654
2018-09-09 00:00:00 UTC,1.3501316921656006,405039507.6496803,15410971.914966734
2018-09-10 00:00:00 UTC,1.3325918638195235,399777559.1458572,16569287.1156021
2018-09-11 00:00:00 UTC,1.334721188146054,400416356.4438162,15556966.348758867
2018-09-12 00:00:00 UTC,1.2313140356315648,369394210.6894695,33035531.147716124
2018-09-13 00:00:00 UTC,1.208644245058728,362593273.5176184,30262238.385307953
2018-09-14 00:00:00 UTC,1.2405017894645496,372150536.839365,24222607.917006627
2018-09-15 00:00:00 UTC,1.2206634016621343,366271587.5520798,18979495.746369585
2018-09-16 00:00:00 UTC,1.3362806587354077,401082591.8679939,25364707.188755844
2018-09-17 00:00:00 UTC,1.3286778405458546,398603352.1637565,21716841.598516
2018-09-18 00:00:00 UTC,1.2280580869258553,368417426.0777565,23930363.35254993
2018-09-19 00:00:00 UTC,1.324081525798134,397236853.2565188,24741972.01700904
2018-09-20 00:00:00 UTC,1.3474934640385738,404248039.2115722,22761383.582308743
2018-09-21 00:00:00 UTC,1.4419742820903596,432592284.627108,25835276.397399794
2018-09-22 00:00:00 UTC,1.6364301506519634,490929045.1955889,53517006.588824436
2018-09-23 00:00:00 UTC,1.6377556260030226,491326687.8009069,35547720.25981234
2018-09-24 00:00:00 UTC,1.579786492121034,473935947.6363102,26616344.949908204
2018-09-25 00:00:00 UTC,1.525426982620881,456666537.6835731,26134373.963618718
2018-09-26 00:00:00 UTC,1.4405743337806751,432172300.1342025,35147263.77824533
2018-09-27 00:00:00 UTC,1.4409132778531373,432273983.3559411,22115624.444754828
2018-09-28 00:00:00 UTC,1.4976435145831155,449293054.3749348,19774491.033569403
2018-09-29 00:00:00 UTC,1.4951742578917893,448552277.3675367,26147913.511457857
2018-09-30 00:00:00 UTC,1.4973257578903532,449817013.521834,24287365.73480231
2018-10-01 00:00:00 UTC,1.5087808374687255,452634251.2406175,20550936.34927964
2018-10-02 00:00:00 UTC,1.4995360080193116,450177538.0663305,16320985.917988658
2018-10-03 00:00:00 UTC,1.4865805203258828,445974156.0977649,14335833.700664334
2018-10-04 00:00:00 UTC,1.473048733349914,442341455.1179133,16706155.483834404
2018-10-05 00:00:00 UTC,1.5003363724003231,450100911.7200969,15155846.148170099
2018-10-06 00:00:00 UTC,1.4942960607122433,448288818.2136729,14726840.998359844
2018-10-07 00:00:00 UTC,1.4715245206688792,441419767.9993209,14121608.89725866
2018-10-08 00:00:00 UTC,1.4630773411116418,438923202.3334926,15082667.75945995
2018-10-09 00:00:00 UTC,1.476886988194605,443115430.0321461,15403803.30136036
2018-10-10 00:00:00 UTC,1.4858671224906013,445760136.7471803,13954341.502977263
2018-10-11 00:00:00 UTC,1.4662594963010829,439913436.3198411,15317476.829527104
2018-10-12 00:00:00 UTC,1.2490222375554163,374706671.2666248,30787200.29119424
2018-10-13 00:00:00 UTC,1.2777606233316057,383328186.9994818,15470403.393671365
2018-10-14 00:00:00 UTC,1.2973520526437858,389205615.7931358,13224476.03287146
2018-10-15 00:00:00 UTC,1.2700576365175185,381017290.9552554,13358997.91676027
2018-10-16 00:00:00 UTC,1.3582209396340799,407466281.890224,33030220.319562156
2018-10-17 00:00:00 UTC,1.3498890163399373,405020100.5331267,13902284.009736145
2018-10-18 00:00:00 UTC,1.3531628131428777,405948843.9428634,12768328.371993117
2018-10-19 00:00:00 UTC,1.3221481577300942,396644447.3190282,12771463.90177359
2018-10-20 00:00:00 UTC,1.32305624518567,396916873.555701,14320142.463424833
2018-10-21 00:00:00 UTC,1.332127661918894,399615651.2127657,12309074.559252134
2018-10-22 00:00:00 UTC,1.3354467862034116,401469437.6230611,12797260.576821852
2018-10-23 00:00:00 UTC,1.3320434524727358,400079961.8352333,14095580.10292012
2018-10-24 00:00:00 UTC,1.32029827266073,396089481.798219,15765406.25661802
2018-10-25 00:00:00 UTC,1.3090390466362345,392711713.9908702,12439595.430520078
2018-10-26 00:00:00 UTC,1.2997790335396782,389933710.0619034,12754355.6938141
2018-10-27 00:00:00 UTC,1.2936896740951376,388413836.8579629,14570497.096916618
2018-10-28 00:00:00 UTC,1.2715584150857975,381467524.5257391,12872460.331729244
2018-10-29 00:00:00 UTC,1.284826799514384,385448039.8543152,12895226.780994212
2018-10-30 00:00:00 UTC,1.2101036327440926,363023654.9639148,15191117.96127868
2018-10-31 00:00:00 UTC,1.2206537057966544,366196111.7389962,13068641.190284908
2018-11-01 00:00:00 UTC,1.2160476327947771,364814289.8384331,16846256.418592107
2018-11-02 00:00:00 UTC,1.2202018394282466,366060551.8284741,31950381.53793734
2018-11-03 00:00:00 UTC,1.2461501587217114,373845047.6165133,13214867.991522754
2018-11-04 00:00:00 UTC,1.2281143072060121,368434292.1618036,11580260.406364137
2018-11-05 00:00:00 UTC,1.2255153939253633,367654618.1776089,14476408.017541068
2018-11-06 00:00:00 UTC,1.2671953614870757,380158608.4461228,15128532.905800015
2018-11-07 00:00:00 UTC,1.273767441650412,381588825.127251,20454223.277006887
2018-11-08 00:00:00 UTC,1.2529988641810013,375112730.706312,15054952.73648382
2018-11-09 00:00:00 UTC,1.2230554745966404,367425222.245337,13403479.890689528
2018-11-10 00:00:00 UTC,1.2217032010020086,366705471.0189738,19569031.26600086
2018-11-11 00:00:00 UTC,1.2243510310580303,367305309.317409,12749443.433928518
2018-11-12 00:00:00 UTC,1.2124906711103018,361941239.0115261,12380531.315853363
2018-11-13 00:00:00 UTC,1.1813400128611347,354398223.0502521,14771618.987203395
2018-11-14 00:00:00 UTC,1.1389012957096118,341670388.7128836,16350240.027537998
2018-11-15 00:00:00 UTC,0.9914790377863155,297594574.1552467,27324241.425966136
2018-11-16 00:00:00 UTC,0.9900920357828665,297352840.87223357,18943395.44133267
2018-11-17 00:00:00 UTC,0.9859494956035822,295814807.79330814,12422118.501884304
2018-11-18 00:00:00 UTC,1.023063618233834,306919085.4701502,12974342.822269114
2018-11-19 00:00:00 UTC,1.0410446757414458,312001239.9111555,11559821.916043665
2018-11-20 00:00:00 UTC,0.9172417421784029,275172522.6535209,16547770.325851405
2018-11-21 00:00:00 UTC,0.8129086755251363,243286474.44998017,24969043.836900137
2018-11-22 00:00:00 UTC,0.8454710480072869,254183762.95560867,15287075.016739829
2018-11-23 00:00:00 UTC,0.7904033920398408,239107666.5922349,10851778.41101549
2018-11-24 00:00:00 UTC,0.7867127866601816,236013835.99805447,13849988.490929391
2018-11-25 00:00:00 UTC,0.7134627546691404,214364877.5267045,12383887.49110348
2018-11-26 00:00:00 UTC,0.7508075852689479,227147020.42821813,22477038.226207595
2018-11-27 00:00:00 UTC,0.7262409658967434,219455811.0506515,15194988.144384142
2018-11-28 00:00:00 UTC,0.7299592475913426,219134139.42412597,13006921.44018338
2018-11-29 00:00:00 UTC,0.7729959647517994,231748579.79614165,15113947.882286394
2018-11-30 00:00:00 UTC,0.767700140528231,230214628.63824937,13883651.579058364
2018-12-01 00:00:00 UTC,0.7355719112744133,219889859.48328218,11308477.582255846
2018-12-02 00:00:00 UTC,0.7764812153799152,233400999.44450036,10017470.743336223
2018-12-03 00:00:00 UTC,0.8468148407650319,253671566.10154605,18262167.588596486
2018-12-04 00:00:00 UTC,0.7960059751458097,238801792.5437429,16044740.26389472
2018-12-05 00:00:00 UTC,0.7912866421159768,235637045.98891348,13211852.628228823
2018-12-06 00:00:00 UTC,0.7515234501477601,225457035.04432803,11225934.385613866
2018-12-07 00:00:00 UTC,0.7097023076639978,212910692.29919934,11987605.160665505
2018-12-08 00:00:00 UTC,0.6728827678666458,201864830.35999373,15301290.166605603
2018-12-09 00:00:00 UTC,0.659617160696792,197885148.2090376,10834474.258996991
2018-12-10 00:00:00 UTC,0.692241240334904,207541354.12001368,9507671.31339681
2018-12-11 00:00:00 UTC,0.6782893603945641,203486808.11836922,8251554.08423621
2018-12-12 00:00:00 UTC,0.6563579565780816,196907386.9734245,7906361.50487414
2018-12-13 00:00:00 UTC,0.6737561716183557,202126851.4855067,7453829.454092947
2018-12-14 00:00:00 UTC,0.6513394382568597,195401831.4770579,6979222.798247528
2018-12-15 00:00:00 UTC,0.6485725112490196,194227952.33625782,7597793.280075911
2018-12-16 00:00:00 UTC,0.6400456662957507,192013699.88872522,7859258.3637593
2018-12-17 00:00:00 UTC,0.6684691454010302,201910011.46973687,258027801.395465
2018-12-18 00:00:00 UTC,0.7485731559202814,224571946.77608442,24445495.99650106
2018-12-19 00:00:00 UTC,0.752690823853568,225807247.1560704,15033333.435337368
2018-12-20 00:00:00 UTC,0.7418583688312655,222557510.64937964,16926566.323365007
2018-12-21 00:00:00 UTC,0.7774163184065651,233224895.52196953,23067995.525109153
2018-12-22 00:00:00 UTC,0.7306396493768239,219191894.81304717,21886459.233198956
2018-12-23 00:00:00 UTC,0.7418576096668068,222557282.90004203,10471624.811341548
2018-12-24 00:00:00 UTC,0.751354179039013,225285109.05153894,12610952.0576314
2018-12-25 00:00:00 UTC,0.7611467306474818,230457166.12467003,24567830.042895578
2018-12-26 00:00:00 UTC,0.6764225416143481,202926762.48430443,17798030.256314784
2018-12-27 00:00:00 UTC,0.680074590846336,204022377.2539008,11284782.884938136
2018-12-28 00:00:00 UTC,0.634882508682963,190464752.6048889,10807736.684889393
2018-12-29 00:00:00 UTC,0.6969288906973722,209078667.20921165,11001582.524481202
2018-12-30 00:00:00 UTC,0.6793173594184385,203804091.6582116,11757899.069998203
2018-12-31 00:00:00 UTC,0.6937642865672448,208129285.97017345,9619452.632678816
2019-01-01 00:00:00 UTC,0.6585605571198675,197568167.13596025,8919458.640786787
2019-01-02 00:00:00 UTC,0.6759388614467114,202781658.43401343,8218254.381925829
2019-01-03 00:00:00 UTC,0.6986432576789878,209592977.30369633,10882337.208649855
2019-01-04 00:00:00 UTC,0.6714805463235547,201444163.8970664,8844248.952957546
2019-01-05 00:00:00 UTC,0.6671388239934563,200443299.80083612,9921355.640864104
2019-01-06 00:00:00 UTC,0.6558147626833781,196744428.80501342,9777364.817730606
2019-01-07 00:00:00 UTC,0.6747709211083993,202431276.3325198,10404642.232476657
2019-01-08 00:00:00 UTC,0.6539855871889741,196195676.15669224,8858239.306659503
2019-01-09 00:00:00 UTC,0.6525102897647354,195753086.92942062,10671746.8200475
2019-01-10 00:00:00 UTC,0.6807540729783366,204025682.45812327,11446014.641417744
2019-01-11 00:00:00 UTC,0.6092769408193488,182783082.24580464,10627202.12929494
2019-01-12 00:00:00 UTC,0.6010561790772923,180316853.72318769,7085619.839214688
2019-01-13 00:00:00 UTC,0.611688048397109,183506414.5191327,6867331.760496947
2019-01-14 00:00:00 UTC,0.5806079964493902,174182398.93481705,7514339.788692133
2019-01-15 00:00:00 UTC,0.6102378282343663,183071348.47030988,8741710.400516925
2019-01-16 00:00:00 UTC,0.5858990918117978,175769727.54353935,9093023.983431587
2019-01-17 00:00:00 UTC,0.6026426584237725,180792797.52713174,7719945.108862757
2019-01-18 00:00:00 UTC,0.627648741666474,188294622.4999422,15866790.679377908
2019-01-19 00:00:00 UTC,0.6197559032188152,185926770.96564457,8955755.962536855
2019-01-20 00:00:00 UTC,0.619212647997631,185763794.3992893,7295209.99698973
2019-01-21 00:00:00 UTC,0.5991703028993519,179751090.86980557,7866693.2442843355
2019-01-22 00:00:00 UTC,0.5992667062770517,179780011.8831155,6337871.657867424
2019-01-23 00:00:00 UTC,0.602545697427103,180763709.2281309,7542699.3084747605
2019-01-24 00:00:00 UTC,0.6016871516769207,180506145.5030762,6938418.028037689
2019-01-25 00:00:00 UTC,0.6373500751994994,191205022.55984983,14296310.191414364
2019-01-26 00:00:00 UTC,0.6261239817997107,187837194.5399132,12766691.1724406
2019-01-27 00:00:00 UTC,0.6088094032002102,182642820.96006307,8949282.15623153
2019-01-28 00:00:00 UTC,0.6145404072045163,184362122.1613549,8187578.790230891
2019-01-29 00:00:00 UTC,0.5855174653217737,175728304.2268587,9670682.130783662
2019-01-30 00:00:00 UTC,0.5829710272127895,174964800.81883428,8692243.041676586
2019-01-31 00:00:00 UTC,0.5894092892690879,176822786.78072637,9642779.469564255
2019-02-01 00:00:00 UTC,0.5857730322504552,175632549.63914672,8964257.746296994
2019-02-02 00:00:00 UTC,0.5903410557789717,177102316.7336915,10619835.612521436
2019-02-03 00:00:00 UTC,0.5903586825000238,176922038.39849547,10227519.133074017
2019-02-04 00:00:00 UTC,0.5975569394453463,179211198.4956637,10710963.136166839
2019-02-05 00:00:00 UTC,0.6045105298609548,181353158.95828643,9454292.915914759
2019-02-06 00:00:00 UTC,0.6021472819490913,180633657.0352392,9666665.592497123
2019-02-07 00:00:00 UTC,0.6004545313040348,180118661.48132718,12050683.598853309
2019-02-08 00:00:00 UTC,0.6003446647358367,180103399.420751,9780835.891694829
2019-02-09 00:00:00 UTC,0.6429341093030753,192880232.79092258,19146107.976917204
2019-02-10 00:00:00 UTC,0.6366829533291453,191004885.9987436,12789499.202174691
2019-02-11 00:00:00 UTC,0.6417400168787293,192522005.06361878,12699152.08920272
2019-02-12 00:00:00 UTC,0.6865453058725981,205963591.76177943,28308549.689196095
2019-02-13 00:00:00 UTC,0.6983793634539456,209513809.03618369,22073272.80026685
2019-02-14 00:00:00 UTC,0.6578559564264513,197356786.9279354,16160818.273205478
2019-02-15 00:00:00 UTC,0.6547368636808697,196337051.0593478,11463830.505568916
2019-02-16 00:00:00 UTC,0.6524541127696328,195651466.07697895,11872071.225994432
2019-02-17 00:00:00 UTC,0.6544264489753191,196327934.69259572,11858985.837536598
2019-02-18 00:00:00 UTC,0.6585362693189223,198412521.96318337,12434437.453127393
2019-02-19 00:00:00 UTC,0.6901299006536766,207038970.19610298,16787518.290353898
2019-02-20 00:00:00 UTC,0.7793889345872106,233816680.37616318,82014741.52191168
2019-02-21 00:00:00 UTC,0.8639355604600966,259180668.13802898,39235591.98292452
2019-02-22 00:00:00 UTC,0.7597295320312026,226806644.0383815,82415915.14776368
2019-02-23 00:00:00 UTC,0.7775646182064477,233496536.0354733,20972995.285190746
2019-02-24 00:00:00 UTC,0.7916318639275379,237518306.88899013,18869196.627989456
2019-02-25 00:00:00 UTC,0.6941138527364429,208066468.7753969,43014357.13482676
2019-02-26 00:00:00 UTC,0.7080419882635831,213121989.37271988,18902771.139103398
2019-02-27 00:00:00 UTC,0.7076499832666131,212294994.97998393,14397752.12397076
2019-02-28 00:00:00 UTC,0.7073711099641853,212232641.84967405,16309556.346893929
2019-03-01 00:00:00 UTC,0.7214058310414195,216421749.31242585,17910899.9208357
2019-03-02 00:00:00 UTC,0.8142327403529697,244269822.1058909,44260501.83867465
2019-03-03 00:00:00 UTC,0.8100967670967919,243054523.48388,30124412.674383778
2019-03-04 00:00:00 UTC,0.7926490677495452,237164779.20795175,20618872.951891374
2019-03-05 00:00:00 UTC,0.7545567243520727,226367017.3056218,20893206.12163512
2019-03-06 00:00:00 UTC,0.8402361866955455,252070856.00866365,41329208.86902093
2019-03-07 00:00:00 UTC,0.9137182553587355,274079773.7797446,60864962.56071379
2019-03-08 00:00:00 UTC,1.0413298560066635,312239727.0493932,121469021.90107101
2019-03-09 00:00:00 UTC,0.9969087213555056,296637534.39361775,59660182.082859494
2019-03-10 00:00:00 UTC,0.9904014445105456,297120433.35316366,40946379.90107556
2019-03-11 00:00:00 UTC,0.9983735228790085,299140177.1899268,44633945.5959136
2019-03-12 00:00:00 UTC,0.935097643716988,280546260.0578827,84121218.66215278
2019-03-13 00:00:00 UTC,0.9999008917119342,299844341.1250504,58201709.17518874
2019-03-14 00:00:00 UTC,0.9761366380967151,292890762.89594096,40219701.02624675
2019-03-15 00:00:00 UTC,0.9819400382111484,294434514.03144276,39132568.345079094
2019-03-16 00:00:00 UTC,1.0416079403230638,312337079.7895401,78304325.46851675
2019-03-17 00:00:00 UTC,1.1516350166379683,344649974.0301693,118538774.07749419
2019-03-18 00:00:00 UTC,1.0894170972554373,326349178.7074317,38556993.77113065
2019-03-19 00:00:00 UTC,1.0755075441680664,322587044.2789977,30761238.06930051
2019-03-20 00:00:00 UTC,1.3681473635171213,410444209.0551363,255728692.1774324
2019-03-21 00:00:00 UTC,1.4683163710373892,440494911.3112167,294258755.97756904
2019-03-22 00:00:00 UTC,1.3888586532261238,416656178.9184306,189303421.09623578
2019-03-23 00:00:00 UTC,1.4190138122343972,425698190.7855849,127679206.24939328
2019-03-24 00:00:00 UTC,1.3862563950187103,415917981.1675797,55085668.41751643
2019-03-25 00:00:00 UTC,1.3815321695281524,414490050.0829686,84679364.8093467
2019-03-26 00:00:00 UTC,1.3605073746676795,409059650.7971274,50978498.204160035
2019-03-27 00:00:00 UTC,1.395332924102983,417719052.7252929,65472477.192106895
2019-03-28 00:00:00 UTC,1.5378956422344574,461725343.060457,111928877.85318986
2019-03-29 00:00:00 UTC,1.6185141673037051,485550748.5795774,106023536.25462745
2019-03-30 00:00:00 UTC,1.6857961566572235,506237037.0519612,84589710.92472374
2019-03-31 00:00:00 UTC,1.6389020010235757,491644364.7164454,61734315.59924626
2019-04-01 00:00:00 UTC,1.8557572247689869,556726604.1683583,118625201.29536623
2019-04-02 00:00:00 UTC,2.080606790642347,624182037.1927041,169715608.2976144
2019-04-03 00:00:00 UTC,2.2375674565935055,673861822.7750802,313793934.2668102
2019-04-04 00:00:00 UTC,2.177956321296897,655500528.9660312,184224524.67344084
2019-04-05 00:00:00 UTC,2.295547308372951,688949077.6291254,224098407.87735623
2019-04-06 00:00:00 UTC,2.2788172160707028,683904840.8812352,85148453.32677834
2019-04-07 00:00:00 UTC,2.196285716534742,659925822.1665633,87887959.33990046
2019-04-08 00:00:00 UTC,2.0963609825349288,628560858.8181276,113004690.87289655
2019-04-09 00:00:00 UTC,1.9416652846606814,581933607.2792673,158245490.80680615
2019-04-10 00:00:00 UTC,1.8717677441323408,557213670.0771366,155458088.65585154
2019-04-11 00:00:00 UTC,1.7162016349759626,515213516.128563,325904634.105379
2019-04-12 00:00:00 UTC,1.5404996731814373,462403557.9949053,216023069.14112794
2019-04-13 00:00:00 UTC,1.6311635321110431,488161527.4193127,144808539.43608153
2019-04-14 00:00:00 UTC,1.598400020077125,479428609.9066524,74523886.65818956
2019-04-15 00:00:00 UTC,1.5820019651931623,474647723.4047523,68656507.40364906
2019-04-16 00:00:00 UTC,1.3972394529937946,421260161.3658786,102461388.41965814
2019-04-17 00:00:00 UTC,1.574218064159059,470387286.2677533,115199963.17954575
2019-04-18 00:00:00 UTC,1.5440647520208184,463294543.1837247,76701446.54236014
2019-04-19 00:00:00 UTC,1.7473892849432158,524176727.5244991,158294660.0187792
2019-04-20 00:00:00 UTC,1.805893716612286,540971370.352728,104267993.13155827
2019-04-21 00:00:00 UTC,1.7570879617063957,527678898.7312152,79929640.1030549
2019-04-22 00:00:00 UTC,1.6450800495170284,496001172.6757062,98101946.54376659
2019-04-23 00:00:00 UTC,1.6955662428396658,510315359.6105118,73024665.74601059
2019-04-24 00:00:00 UTC,1.710276192450206,513246134.5189806,82289712.20034769
2019-04-25 00:00:00 UTC,1.6169001896085433,483986467.5858957,125219714.47275287
2019-04-26 00:00:00 UTC,1.5261288258380372,457313667.5083761,65872458.908975124
2019-04-27 00:00:00 UTC,1.588704489210622,473752611.3734889,70980369.27657728
2019-04-28 00:00:00 UTC,1.5680760496987824,471103283.1050502,43329750.31457873
2019-04-29 00:00:00 UTC,1.621222748385559,485942900.1239883,118017944.09072779
2019-04-30 00:00:00 UTC,1.5539937828574464,466055385.1341204,65730843.42987299
2019-05-01 00:00:00 UTC,1.5826626973242355,474887429.8433562,57952752.1429029
2019-05-02 00:00:00 UTC,1.5914112172873676,477202625.8444542,60176841.86580136
2019-05-03 00:00:00 UTC,1.6029913684179706,481099928.5778187,73787318.4682091
2019-05-04 00:00:00 UTC,1.619809561630966,485410513.9604409,67032038.71458251
2019-05-05 00:00:00 UTC,1.5831011049177373,475617083.4924063,66219603.452723585
2019-05-06 00:00:00 UTC,1.5762856565440326,473347074.6258609,48952050.355695434
2019-05-07 00:00:00 UTC,1.6029890836948089,480724886.1087645,88852089.3156474
2019-05-08 00:00:00 UTC,1.5755500529190365,475171582.7986404,73069657.62548916
2019-05-09 00:00:00 UTC,1.601546058506635,480081271.4457852,89825336.97089821
2019-05-10 00:00:00 UTC,1.6175200294582919,484629539.5643067,113881994.1349601
2019-05-11 00:00:00 UTC,1.5185691328526616,455356219.7240859,152034941.3012935
2019-05-12 00:00:00 UTC,1.4425591657338763,433049141.7830583,223347435.08188936
2019-05-13 00:00:00 UTC,1.418090638401856,423513487.4575893,159469955.91144124
2019-05-14 00:00:00 UTC,1.4202990917096185,425361089.936097,97312520.4756943
2019-05-15 00:00:00 UTC,1.4243531504588691,427171941.4293276,98960913.33968039
2019-05-16 00:00:00 UTC,1.557634815394639,466659356.9326827,162325212.0214526
2019-05-17 00:00:00 UTC,1.4653934190369322,440221937.3498103,252935849.35472915
2019-05-18 00:00:00 UTC,1.3637604723526227,409129164.266724,136300763.42827743
2019-05-19 00:00:00 UTC,1.3454540988095463,402761803.0426677,76249075.77006236
2019-05-20 00:00:00 UTC,1.3993649071251244,420316704.5944614,113722539.35096812
2019-05-21 00:00:00 UTC,1.3615799839658367,408473995.1897511,68793356.00967787
2019-05-22 00:00:00 UTC,1.424514047598445,427501573.0550502,106852765.91525723
2019-05-23 00:00:00 UTC,1.4695970151053857,441155850.1533447,110825197.3582632
2019-05-24 00:00:00 UTC,1.5290545894057899,458541708.0701229,116522410.86555332
2019-05-25 00:00:00 UTC,1.619022992481576,485114696.9472351,159570525.01781115
2019-05-26 00:00:00 UTC,1.6445173517660163,493046907.5876484,131394130.15422142
2019-05-27 00:00:00 UTC,1.663366120696764,498580044.1191891,113698321.82523072
2019-05-28 00:00:00 UTC,1.6484050268313435,494792597.1795522,124248035.90173814
2019-05-29 00:00:00 UTC,1.6525447833749725,495275253.7113375,118227573.67576022
2019-05-30 00:00:00 UTC,1.5965904008070329,479102055.8683266,111106546.96309575
2019-05-31 00:00:00 UTC,1.520887832374136,456510455.6982885,114900728.10289958
2019-06-01 00:00:00 UTC,1.504255095851088,451082050.7859582,107363391.9057779
2019-06-02 00:00:00 UTC,1.4875580511308284,447830004.4949154,77445676.06597817
2019-06-03 00:00:00 UTC,1.518309589280608,455294827.9497687,87036701.76274382
2019-06-04 00:00:00 UTC,1.472884020563234,440684345.7759408,113992276.38901123
2019-06-05 00:00:00 UTC,1.4028110184401306,420485612.8470753,107502599.10718693
2019-06-06 00:00:00 UTC,1.4087700704193833,422038608.3227001,70681335.73245355
2019-06-07 00:00:00 UTC,1.4126014598064287,423740466.14178,58254577.06892638
2019-06-08 00:00:00 UTC,1.4646752689939144,439417423.2475584,69480857.12412325
2019-06-09 00:00:00 UTC,1.4722615768331744,441929044.1515224,66237719.99728647
2019-06-10 00:00:00 UTC,1.4474112166930893,434619376.8474495,73443934.04105775
2019-06-11 00:00:00 UTC,1.5756516237307303,472678361.8218765,135442401.47217065
2019-06-12 00:00:00 UTC,1.5816954705750021,475890495.7213227,87461558.07886343
2019-06-13 00:00:00 UTC,1.6836872732608368,505040628.7950186,147287240.5494559
2019-06-14 00:00:00 UTC,1.6299609131341495,488738326.166559,101852153.11754593
2019-06-15 00:00:00 UTC,1.6240319783899773,487304653.6453386,105661732.55032034
2019-06-16 00:00:00 UTC,1.6351353845997296,491221761.5889258,68193543.58343841
2019-06-17 00:00:00 UTC,1.6391779179507062,492376886.3630268,80211564.88699295
2019-06-18 00:00:00 UTC,1.6921158912467966,507497508.4093158,68872340.8292709
2019-06-19 00:00:00 UTC,1.6473567483037115,494182038.3645936,70926669.64274698
2019-06-20 00:00:00 UTC,1.6780160195499574,503365725.5616297,84411647.38535959
2019-06-21 00:00:00 UTC,1.6916388034448175,508030404.5278389,80370318.64567864
2019-06-22 00:00:00 UTC,1.6069231654432934,482639788.8388395,83078656.27810572
2019-06-23 00:00:00 UTC,1.633987529204172,491029950.2910786,168212002.12486327
2019-06-24 00:00:00 UTC,1.6237538591606966,486378560.8015167,83611919.2016087
2019-06-25 00:00:00 UTC,1.6686361254480593,497307386.2639461,71063163.01709302
2019-06-26 00:00:00 UTC,1.6606197124046884,497729007.8423457,87540505.69465038
2019-06-27 00:00:00 UTC,1.844907407196462,552885494.6697942,184584757.16437224
2019-06-28 00:00:00 UTC,1.7648112855580196,527574633.346689,72083811.13970768
2019-06-29 00:00:00 UTC,1.8164599191954198,543844985.5325127,79493527.6708756
2019-06-30 00:00:00 UTC,1.9034853312151598,569065821.8622127,78103154.83716021
2019-07-01 00:00:00 UTC,1.8114946879292508,543449830.4467756,72011507.61415367
2019-07-02 00:00:00 UTC,1.7605032794695592,528607874.5382853,95602956.50898165
2019-07-03 00:00:00 UTC,1.7275770766920817,518852917.1312544,88502461.59991492
2019-07-04 00:00:00 UTC,1.7917918731650981,536526951.9119691,59375448.760539904
2019-07-05 00:00:00 UTC,1.8529277608111814,555654215.9915617,192613881.86143583
2019-07-06 00:00:00 UTC,1.881906953098644,564572085.9295932,73868376.65062918
2019-07-07 00:00:00 UTC,1.8673801803035364,560878174.0158297,61675515.539856024
2019-07-08 00:00:00 UTC,1.893024730127587,568196926.5944208,71049993.6406113
2019-07-09 00:00:00 UTC,1.8960781791251977,567982137.3520185,62771733.4733753
2019-07-10 00:00:00 UTC,1.8441792263015182,555970012.7240644,56606814.33703902
2019-07-11 00:00:00 UTC,1.708764393611138,511585956.0366708,82039700.53912419
2019-07-12 00:00:00 UTC,1.7256463810603797,516826159.8904638,137421639.18649748
2019-07-13 00:00:00 UTC,1.982207575776311,594496112.422806,103438857.28516263
2019-07-14 00:00:00 UTC,2.0009571253607343,599905557.2395881,70115690.58691432
2019-07-15 00:00:00 UTC,1.9204992409704076,575292015.2150655,93482844.06979533
2019-07-16 00:00:00 UTC,1.9513976442219743,592426211.2406406,113739352.16668391
2019-07-17 00:00:00 UTC,1.819446733601453,547023361.3239291,84756140.0170399
2019-07-18 00:00:00 UTC,1.842911194550142,550541745.2868369,90325628.23310529
2019-07-19 00:00:00 UTC,1.9419232568787335,579730299.8346225,64861439.08623479
2019-07-20 00:00:00 UTC,1.989281490076508,596654837.5639422,132178670.11100818
2019-07-21 00:00:00 UTC,2.007196064041652,603399986.3686543,92582759.83185124
2019-07-22 00:00:00 UTC,2.204726745339638,662386622.7732666,91839028.68099113
2019-07-23 00:00:00 UTC,2.598478268598352,777105089.8392849,171321016.68445328
2019-07-24 00:00:00 UTC,2.448348299694317,732918131.2714689,105899986.00530535
2019-07-25 00:00:00 UTC,2.6080518878193306,784535316.5263191,85073462.37738542
2019-07-26 00:00:00 UTC,2.587893715933241,776489074.9680768,86118591.12610301
2019-07-27 00:00:00 UTC,2.7717806567121195,826442251.4231634,92438139.32362324
2019-07-28 00:00:00 UTC,2.613554525231816,762369858.8088393,147972139.27368286
2019-07-29 00:00:00 UTC,2.580567145879967,777849074.6896214,100611799.48355211
2019-07-30 00:00:00 UTC,2.691675085449303,805270976.342897,81979898.40992972
2019-07-31 00:00:00 UTC,2.7201785704810653,818478183.8984088,104607195.1921314
2019-08-01 00:00:00 UTC,2.6729909564671055,802186589.344706,106582819.82888123
2019-08-02 00:00:00 UTC,2.793654493822432,836047042.5902424,83118187.5514107
2019-08-03 00:00:00 UTC,2.9927708801869004,882250124.0477121,95691823.63455506
2019-08-04 00:00:00 UTC,3.0043321993127368,899535707.0429442,54861052.00291998
2019-08-05 00:00:00 UTC,3.1516179913156823,947852962.5596616,66338066.759946726
2019-08-06 00:00:00 UTC,3.1628006639399864,951067757.5998797,88844276.00270505
2019-08-07 00:00:00 UTC,3.4337770409559956,1027360169.0179524,110111202.71045686
2019-08-08 00:00:00 UTC,3.621868836318359,1089511198.302695,113182491.46384595
2019-08-09 00:00:00 UTC,3.899598460095332,1170016685.388777,160783013.53794864
2019-08-10 00:00:00 UTC,3.876516481237012,1163924368.2445462,89169918.0955937
2019-08-11 00:00:00 UTC,3.4791762988608044,1045584940.3609341,197477643.21474323
2019-08-12 00:00:00 UTC,3.163988415040809,950900483.7708018,106976209.15616925
2019-08-13 00:00:00 UTC,3.051618147399208,915499106.3784318,98001088.3664809
2019-08-14 00:00:00 UTC,3.1364709786382376,940941293.5914714,76326062.62407094
2019-08-15 00:00:00 UTC,2.8496776043800485,855083336.9835231,73739266.35330318
2019-08-16 00:00:00 UTC,3.120876518397357,935618703.188784,124904862.7682976
2019-08-17 00:00:00 UTC,2.9926629179834103,898607641.0385898,74267431.29478969
2019-08-18 00:00:00 UTC,3.101910695585688,930573208.6757064,67931721.89992861
2019-08-19 00:00:00 UTC,3.086540469699534,926641860.009621,92608009.26031785
2019-08-20 00:00:00 UTC,3.036103649321195,909439316.8302888,61510524.97242713
2019-08-21 00:00:00 UTC,3.026503104684719,907608676.2479745,77546929.67321928
2019-08-22 00:00:00 UTC,2.8492192468899673,853715446.5453336,67707549.7065867
2019-08-23 00:00:00 UTC,2.9155488513462724,874405001.5592313,83094985.27121648
2019-08-24 00:00:00 UTC,2.984158121278352,895600548.3618231,63215237.96532385
2019-08-25 00:00:00 UTC,2.971650140677285,891825046.1996067,90824185.31627274
2019-08-26 00:00:00 UTC,2.9480684500311614,885141709.0904082,62638180.311558366
2019-08-27 00:00:00 UTC,2.9552217007984956,887396261.0496591,92300976.89009678
2019-08-28 00:00:00 UTC,2.855316875944454,856236368.5403085,60486091.3643377
2019-08-29 00:00:00 UTC,2.596929860737603,778883314.0648587,56921853.528755546
2019-08-30 00:00:00 UTC,2.4650415757748934,739759824.0874326,74517255.08985233
2019-08-31 00:00:00 UTC,2.453925505542634,736039343.8917081,54176027.408129
2019-09-01 00:00:00 UTC,2.4604092500271153,738122775.0081345,74052487.97852838
2019-09-02 00:00:00 UTC,2.4899870436553155,747409959.6105134,44342536.355546296
2019-09-03 00:00:00 UTC,2.6785197823708673,803021327.9625231,62351195.34613712
2019-09-04 00:00:00 UTC,2.8030067457359538,840914939.0589087,65243119.663751565
2019-09-05 00:00:00 UTC,2.8170851126532717,845184776.9470032,75222223.58068605
2019-09-06 00:00:00 UTC,2.7769993313395793,832981436.9534152,64843933.60629344
2019-09-07 00:00:00 UTC,2.6793126653413144,803815081.0196754,61332178.756199375
2019-09-08 00:00:00 UTC,2.6915023366628428,807167237.8609211,56097695.27789686
2019-09-09 00:00:00 UTC,2.6751517064180113,802139388.7445226,54375653.510412715
2019-09-10 00:00:00 UTC,2.679272560051493,803781768.0154479,66740275.588347815
2019-09-11 00:00:00 UTC,2.753239136275751,826133559.971913,78458884.28992149
2019-09-12 00:00:00 UTC,2.8220625178272383,846367774.3252344,62403756.62778454
2019-09-13 00:00:00 UTC,2.7805432182644183,834162965.4793254,56416856.08564062
2019-09-14 00:00:00 UTC,2.7783773775660476,832721345.2392896,50035733.19766792
2019-09-15 00:00:00 UTC,2.7924720200855284,837837746.2009863,38951213.01871056
2019-09-16 00:00:00 UTC,2.7639985043763646,829292243.8661892,32788050.9739072
2019-09-17 00:00:00 UTC,2.7065582416957046,815064768.8071722,39278084.6731803
2019-09-18 00:00:00 UTC,2.6872756078910816,806349269.0824991,52243384.1243373
2019-09-19 00:00:00 UTC,2.830033609584767,848885313.6489546,61968637.05969023
2019-09-20 00:00:00 UTC,2.7907340496290054,833327446.7466891,86470052.75032139
2019-09-21 00:00:00 UTC,2.7624257646459798,828981248.7727062,58372317.59286207
2019-09-22 00:00:00 UTC,2.7860013595108803,835673787.5915366,44182506.20851892
2019-09-23 00:00:00 UTC,2.7299486345592223,820375654.6258602,39793363.70497221
2019-09-24 00:00:00 UTC,2.5730749790855736,771956399.4146391,41375613.98244561
2019-09-25 00:00:00 UTC,2.1827615636614586,661437338.0425863,70565443.5452852
2019-09-26 00:00:00 UTC,2.147186993541705,643931508.193407,65172961.817094855
2019-09-27 00:00:00 UTC,2.113212463784474,636810811.8785796,52875976.70020128
2019-09-28 00:00:00 UTC,2.1590304837833636,648423936.9156228,55621678.262399375
2019-09-29 00:00:00 UTC,2.164868129869519,649460438.9608557,63741286.15348217
2019-09-30 00:00:00 UTC,2.0922331138906465,627669934.1671938,51562069.59199899
2019-10-01 00:00:00 UTC,2.1041162317792197,631041204.2443173,81954379.32594807
2019-10-02 00:00:00 UTC,2.1214110919500606,637147907.6814057,43619670.89532838
2019-10-03 00:00:00 UTC,2.122632326724227,636848799.3751185,43949105.36798566
2019-10-04 00:00:00 UTC,2.128140065919333,638207501.135412,49897303.78507184
2019-10-05 00:00:00 UTC,2.1226524305974745,635916104.656753,50683093.67533676
2019-10-06 00:00:00 UTC,2.1171249116169495,634627859.3285847,47575494.02510692
2019-10-07 00:00:00 UTC,2.0023837998642153,600715139.9592645,46107078.81838751
2019-10-08 00:00:00 UTC,2.0978125708430513,629813866.049508,53517102.66119542
2019-10-09 00:00:00 UTC,2.083817894315699,625656999.4588633,56607565.73477886
2019-10-10 00:00:00 UTC,2.2878691178441137,686384650.5466214,65627100.95385054
2019-10-11 00:00:00 UTC,2.296798658231642,689651972.4273261,74811697.9839016
2019-10-12 00:00:00 UTC,2.2202491299117764,665428091.8876632,49979560.92697303
2019-10-13 00:00:00 UTC,2.2802929214884857,684087876.4465458,53529726.46003476
2019-10-14 00:00:00 UTC,2.2814424810844947,685478845.375449,60706612.31183153
2019-10-15 00:00:00 UTC,2.409217376180327,721981828.457595,59872510.35001466
2019-10-16 00:00:00 UTC,2.3959429383601525,718801687.5892749,69053893.9313877
2019-10-17 00:00:00 UTC,2.3886400003458994,716671172.2665303,69936995.09411836
2019-10-18 00:00:00 UTC,2.3649744334118212,708111936.4119111,58969342.909724645
2019-10-19 00:00:00 UTC,2.312850199694965,693865820.0512812,56202568.82165718
2019-10-20 00:00:00 UTC,2.3159985247607815,694677305.6033775,58522925.73788064
2019-10-21 00:00:00 UTC,2.3978992810714628,719781600.6652272,55729244.19170087
2019-10-22 00:00:00 UTC,2.542926247592034,762971903.3764455,68087679.83891721
2019-10-23 00:00:00 UTC,2.4331424425185753,729066840.3784617,56929123.31595594
2019-10-24 00:00:00 UTC,2.392159117321599,713907470.4758685,87008712.95398507
2019-10-25 00:00:00 UTC,2.339247662662471,701206443.3165478,54935161.52646256
2019-10-26 00:00:00 UTC,2.641509016149769,789345054.9663072,76529887.74568641
2019-10-27 00:00:00 UTC,2.699564635244535,808475668.3813344,95108687.7226557
2019-10-28 00:00:00 UTC,2.980751721103654,894171295.752994,93248401.57793409
2019-10-29 00:00:00 UTC,2.9754048327281275,891447188.0849868,117979586.66166614
2019-10-30 00:00:00 UTC,2.9913641724081947,898746541.4866025,87696665.47307315
2019-10-31 00:00:00 UTC,2.9046942696590414,871814787.8064759,74477703.09780955
2019-11-01 00:00:00 UTC,2.9562745425387664,886757482.4388936,75731256.02880108
2019-11-02 00:00:00 UTC,3.1359413289198685,937590846.9649935,76992687.38680953
2019-11-03 00:00:00 UTC,3.262721995511644,978265327.7382042,68558561.98090498
2019-11-04 00:00:00 UTC,3.1313374490700356,939406374.9370899,64191739.10416903
2019-11-05 00:00:00 UTC,3.2341404231079953,970242126.9323986,70486589.07973315
2019-11-06 00:00:00 UTC,3.2641732625081845,978148802.6112429,70049882.83130623
2019-11-07 00:00:00 UTC,3.377737711379416,1014626797.8809268,71128947.16484168
2019-11-08 00:00:00 UTC,3.3255266744569356,997294228.387778,75023577.52897528
2019-11-09 00:00:00 UTC,2.968606435201464,890578319.9100645,82679169.57944712
2019-11-10 00:00:00 UTC,3.1024513128119047,931362904.1825085,65252209.285897754
2019-11-11 00:00:00 UTC,3.235491615085522,970332056.7010038,75243088.06242514
2019-11-12 00:00:00 UTC,3.175876375827446,953480143.7981462,83515074.53006904
2019-11-13 00:00:00 UTC,3.178650185291843,953365467.9898663,89813663.52861245
2019-11-14 00:00:00 UTC,3.289008981692438,985639248.9988272,80738211.43171228
2019-11-15 00:00:00 UTC,3.296380474295278,987012866.2830633,98819146.94329767
2019-11-16 00:00:00 UTC,2.993871272847888,897422728.704143,80006346.70302099
2019-11-17 00:00:00 UTC,2.9140983747354245,873957152.897988,80261817.70727502
2019-11-18 00:00:00 UTC,2.8803812539741704,864561136.868886,74752173.95775235
2019-11-19 00:00:00 UTC,2.722390911023472,816668455.8320829,82838781.12276495
2019-11-20 00:00:00 UTC,2.5846860975476362,776009289.3400953,86844210.05496208
2019-11-21 00:00:00 UTC,2.533531510802366,759697381.0783881,74207813.78033237
2019-11-22 00:00:00 UTC,2.4633012408380024,738526945.117908,65717197.360833235
2019-11-23 00:00:00 UTC,2.1182405849643144,617979081.4060607,76795998.53713895
2019-11-24 00:00:00 UTC,2.208637425893227,645055403.7530937,65083792.40530304
2019-11-25 00:00:00 UTC,1.9402856029179325,575227194.1037335,63154476.32252857
2019-11-26 00:00:00 UTC,2.0731373997809786,601544322.4892498,73731177.77732067
2019-11-27 00:00:00 UTC,2.15320933685526,628665875.5020463,60897208.36656238
2019-11-28 00:00:00 UTC,2.2413361214300496,656887014.4224755,52714957.92234354
2019-11-29 00:00:00 UTC,2.3061252953203555,675073925.019564,55447429.11574926
2019-11-30 00:00:00 UTC,2.3333388403572,682135398.9173642,48972093.88758526
2019-12-01 00:00:00 UTC,2.4372796927320617,714207314.2011014,51739066.13551888
2019-12-02 00:00:00 UTC,2.4899640232035174,726445631.185537,72587296.37969796
2019-12-03 00:00:00 UTC,2.660495393200011,776454261.6867696,18435498.785803854
2019-12-04 00:00:00 UTC,2.644905620351442,771261438.9347,105647848.33651508
2019-12-05 00:00:00 UTC,2.5660062341458136,753637242.9839219,94658907.16412887
2019-12-06 00:00:00 UTC,2.5374911228563155,740354684.111844,81311235.8565559
2019-12-07 00:00:00 UTC,2.5926058564888477,740594848.0183858,80756512.2644531
2019-12-08 00:00:00 UTC,2.6634846028812684,757678741.5402172,89780661.969722
2019-12-09 00:00:00 UTC,2.7011305830305283,772474751.1261626,81687212.51009074
2019-12-10 00:00:00 UTC,2.6706988025950005,764913518.3791143,88700595.14012334
2019-12-11 00:00:00 UTC,2.622422437778585,749283959.049232,82180345.20698093
2019-12-12 00:00:00 UTC,2.551288465076498,729990295.5158702,77939998.14357316
2019-12-13 00:00:00 UTC,2.633395383825104,756359001.9774206,88989134.11171621
2019-12-14 00:00:00 UTC,2.621641645090832,750904275.9388543,87480314.37551637
2019-12-15 00:00:00 UTC,2.5242805891935847,722521108.6261638,74864018.96744241
2019-12-16 00:00:00 UTC,2.574719055226123,737614151.5379101,81892450.95246597
2019-12-17 00:00:00 UTC,2.52051422249121,721670045.1295112,84972351.7460261
2019-12-18 00:00:00 UTC,2.303793300395564,660014494.3893318,76551150.17974876
2019-12-19 00:00:00 UTC,2.533215966940026,722483567.4097168,99806346.41344674
2019-12-20 00:00:00 UTC,2.4630332880877432,706055072.4739447,76445726.22953574
2019-12-21 00:00:00 UTC,2.527479355911531,722913779.1966766,77508611.72386521
2019-12-22 00:00:00 UTC,2.520168660011268,722094583.3058847,71194873.6304877
2019-12-23 00:00:00 UTC,2.5557085612168433,732059038.4295452,64623498.30515707
2019-12-24 00:00:00 UTC,2.5605391894532312,732861918.4934016,82298398.6334901
2019-12-25 00:00:00 UTC,2.5989902443761648,743821309.9014703,72329292.03199045
2019-12-26 00:00:00 UTC,2.5917814001489714,741213499.8220818,72491740.4023761
2019-12-27 00:00:00 UTC,2.583537014870709,739258630.331934,75241063.1704994
2019-12-28 00:00:00 UTC,2.6073127701025083,745369356.3527297,62609445.185468726
2019-12-29 00:00:00 UTC,2.61272862730962,747586544.1523064,56080874.00109822
2019-12-30 00:00:00 UTC,2.633904272648556,752003584.8319771,60968043.09181218
2019-12-31 00:00:00 UTC,2.6697463690689913,765772131.5362089,65959408.60737167
2020-01-01 00:00:00 UTC,2.617367817161108,748863017.321274,57394512.31535925
2020-01-02 00:00:00 UTC,2.620820845405597,748982287.6402215,64818163.66134201
2020-01-03 00:00:00 UTC,2.5498129112802266,729635398.9417208,56302096.608324945
2020-01-04 00:00:00 UTC,2.6394075096932927,755122172.5505755,60587150.903872155
2020-01-05 00:00:00 UTC,2.6444572450881734,757236698.7887295,63638537.68642451
2020-01-06 00:00:00 UTC,2.6560902017575794,760950545.4486995,63019634.84914607
2020-01-07 00:00:00 UTC,2.7894197965981844,798770694.7834278,66129453.75786906
2020-01-08 00:00:00 UTC,2.879993642448509,825665665.9760326,76783058.60878192
2020-01-09 00:00:00 UTC,2.787409557352297,800879682.0200001,74638125.40067449
2020-01-10 00:00:00 UTC,2.827340997039408,808680696.2307792,83703085.55585475
2020-01-11 00:00:00 UTC,2.8948249927151326,820847377.5074046,71100525.29172707
2020-01-12 00:00:00 UTC,2.8890027934382405,829274606.1153119,81640302.32730064
2020-01-13 00:00:00 UTC,2.8973714727506152,826671387.8587918,72904271.09350428
2020-01-14 00:00:00 UTC,2.881254059256743,824451149.8434523,76774591.33795533
2020-01-15 00:00:00 UTC,3.0464792511425816,875079175.5867898,90783997.37637551
2020-01-16 00:00:00 UTC,3.163744070148892,905170543.3618754,120606894.0624501
2020-01-17 00:00:00 UTC,3.0801264473980576,879912795.1408839,89504025.18402883
2020-01-18 00:00:00 UTC,3.0597481745477166,878179489.0608183,139390314.99302202
2020-01-19 00:00:00 UTC,2.931662422381263,837093394.8580153,118940659.94690737
2020-01-20 00:00:00 UTC,2.9520321234948805,846601022.5348524,134140621.30070573
2020-01-21 00:00:00 UTC,2.928103182189285,839493199.8050923,82376094.88029104
2020-01-22 00:00:00 UTC,2.9409467534785363,841986514.1183842,92860415.99778406
2020-01-23 00:00:00 UTC,2.9217016414692925,834365588.4241909,79946595.22074538
2020-01-24 00:00:00 UTC,2.7754066747445267,791054246.7880816,87243003.63817796
2020-01-25 00:00:00 UTC,2.86787854979984,820830908.0681361,87767303.1938197
2020-01-26 00:00:00 UTC,2.8007438275606393,802453727.0569366,76657243.80111963
2020-01-27 00:00:00 UTC,2.8597068875154137,817566931.0721464,80508615.74771455
2020-01-28 00:00:00 UTC,2.935537288558113,839667636.3799312,93775110.96801417
2020-01-29 00:00:00 UTC,3.036039678929515,865634780.8523958,102667341.61610253
2020-01-30 00:00:00 UTC,3.1252900374589236,892837442.8241296,93220020.27231112
2020-01-31 00:00:00 UTC,3.2107556891838853,917476692.9760885,91752066.52012944
2020-02-01 00:00:00 UTC,3.1678950292143395,908471051.7206125,81321934.53756267
2020-02-02 00:00:00 UTC,3.2459711022588165,928000480.2109507,81796465.54375589
2020-02-03 00:00:00 UTC,3.2453891123045184,928882628.0684167,96399922.2502123
2020-02-04 00:00:00 UTC,3.2770973608718745,936479888.707994,90862219.4447138
2020-02-05 00:00:00 UTC,3.276300495373529,937228067.043193,67600753.30403288
2020-02-06 00:00:00 UTC,3.4919161821463485,1000608839.3511428,92639053.35017604
2020-02-07 00:00:00 UTC,3.747096226101342,1071990471.3281701,106623569.23910303
2020-02-08 00:00:00 UTC,3.8371698165763557,1097092615.7140248,109886016.73017102
2020-02-09 00:00:00 UTC,3.8635958827633443,1104483097.7159388,91725166.99283949
2020-02-10 00:00:00 UTC,3.95228505878574,1130788765.4807572,109634064.79162371
2020-02-11 00:00:00 UTC,5.527855254010349,1587479028.1014657,446606189.02106446
2020-02-12 00:00:00 UTC,5.558884192238187,1605947485.9916856,441213694.7019045
2020-02-13 00:00:00 UTC,5.910529385004962,1686877605.3470237,295924337.2782096
2020-02-14 00:00:00 UTC,5.894889684806515,1686543144.8553557,356102413.3395499
2020-02-15 00:00:00 UTC,6.4314466735199405,1837216613.2218437,290878924.3689035
2020-02-16 00:00:00 UTC,6.569165994710335,1903486431.1388056,471471443.6232882
2020-02-17 00:00:00 UTC,6.76248992028193,1951289070.2231565,404523927.445783
2020-02-18 00:00:00 UTC,6.596622006257779,1880010005.170344,340558985.6905014
2020-02-19 00:00:00 UTC,6.7467214058054985,1931849998.7100768,208816627.3999529
2020-02-20 00:00:00 UTC,6.767403157448528,1942014755.2999713,411841230.9159482
2020-02-21 00:00:00 UTC,6.597134403211653,1886850629.3606856,301536496.06588703
2020-02-22 00:00:00 UTC,6.642553616176369,1907019497.068077,303901386.84501827
2020-02-23 00:00:00 UTC,5.791559163783143,1652254025.432422,258507797.5749275
2020-02-24 00:00:00 UTC,6.560887939008105,1873112688.4345775,307443418.11969095
2020-02-25 00:00:00 UTC,6.124527595217846,1744313678.2493327,247685350.66845462
2020-02-26 00:00:00 UTC,5.666222898395597,1611749161.7406657,238588188.60072547
2020-02-27 00:00:00 UTC,5.416182023543421,1525972358.3959067,210352062.2882437
2020-02-28 00:00:00 UTC,5.530582265952548,1571094419.6550853,216542245.79603833
2020-02-29 00:00:00 UTC,5.6513688345721125,1618220130.3940723,183974320.53822008
2020-03-01 00:00:00 UTC,5.822689300148239,1669398713.8066647,218394755.58409297
2020-03-02 00:00:00 UTC,5.468837290170758,1560136911.7681153,173776011.1746081
2020-03-03 00:00:00 UTC,5.766543327786385,1632384957.04593,201395948.28882977
2020-03-04 00:00:00 UTC,5.464277878912552,1550618925.618298,168258026.40543586
2020-03-05 00:00:00 UTC,5.447769284733208,1543351521.3830805,85231343.12192972
2020-03-06 00:00:00 UTC,5.455796932913358,1548890622.2648363,221538218.675576
2020-03-07 00:00:00 UTC,5.506271047946424,1555957575.8587365,197756536.64164993
2020-03-08 00:00:00 UTC,5.327396145348585,1502242711.9487007,162391617.29156557
2020-03-09 00:00:00 UTC,4.682325103239609,1338342557.0098765,190649246.7063051
2020-03-10 00:00:00 UTC,4.583942218776337,1292603915.432891,146900228.35090354
2020-03-11 00:00:00 UTC,4.544012991122568,1291855711.259657,139797547.26189172
2020-03-12 00:00:00 UTC,4.483026178848353,1263192055.7464707,113733042.18805015
2020-03-13 00:00:00 UTC,2.623081590288743,738549822.5956738,158465226.1817637
2020-03-14 00:00:00 UTC,3.1962641281668662,891456971.2361059,205010439.78321114
2020-03-15 00:00:00 UTC,3.1323038496654014,891626979.680217,116720638.6880043
2020-03-16 00:00:00 UTC,3.707157213744659,1060915285.9164077,130204430.18271902
2020-03-17 00:00:00 UTC,3.423717059026742,968241000.4076602,138937529.05695567
2020-03-18 00:00:00 UTC,3.6132241869401573,1021958153.8172251,162074410.83148897
2020-03-19 00:00:00 UTC,3.610704525610395,1019645053.0220003,220905838.12695023
2020-03-20 00:00:00 UTC,4.164827297174525,1177325590.8683853,191769310.81004843
2020-03-21 00:00:00 UTC,4.402878442117238,1243821055.6632729,206768056.19883502
2020-03-22 00:00:00 UTC,4.359084687012138,1234503357.198058,243037626.495719
2020-03-23 00:00:00 UTC,4.004063652746644,1131648270.8788617,185739370.2255341
2020-03-24 00:00:00 UTC,4.291446266183498,1204072888.7182724,188591549.40098372
2020-03-25 00:00:00 UTC,4.370745410935137,1233918517.9272802,190746544.93788534
2020-03-26 00:00:00 UTC,4.304404484049875,1213941700.9888349,34846816.152548224
2020-03-27 00:00:00 UTC,4.320618520830433,1219810244.2699924,84109064.10809974
2020-03-28 00:00:00 UTC,4.161081179367337,1174024533.4929507,147881609.19816354
2020-03-29 00:00:00 UTC,4.16501383991413,1172741635.7581544,159780973.96589136
2020-03-30 00:00:00 UTC,3.9082923453057927,1107448957.5411243,146169330.32119352
2020-03-31 00:00:00 UTC,4.159624001487004,1177864057.5592952,156488881.28683555
2020-04-01 00:00:00 UTC,4.31122950806309,1223002468.7836993,166190628.82670864
2020-04-02 00:00:00 UTC,4.387606001419848,1241778815.3019567,168481050.3298194
2020-04-03 00:00:00 UTC,4.495914779004177,1267650997.9345932,156727995.1618777
2020-04-04 00:00:00 UTC,4.510269593364876,1275801815.345873,190446018.08720937
2020-04-05 00:00:00 UTC,4.704895737826735,1329155003.3601933,243156726.3953769
2020-04-06 00:00:00 UTC,4.673907867579266,1321407340.5727851,133826620.26717445
2020-04-07 00:00:00 UTC,4.812543271660587,1358760760.0122054,150827456.10479864
2020-04-08 00:00:00 UTC,4.8890659087054855,1375524064.1731358,156863815.65265143
2020-04-09 00:00:00 UTC,4.935622349289389,1397779726.3797276,142102835.20756045
2020-04-10 00:00:00 UTC,4.883643171034658,1380298487.5133781,130257533.62406021
2020-04-11 00:00:00 UTC,4.55475828267999,1290371958.9167314,142696911.0522169
2020-04-12 00:00:00 UTC,4.545351609513234,1284546136.027464,116555014.22792612
2020-04-13 00:00:00 UTC,4.5636380265085865,1294155590.808247,118892931.41046391
2020-04-14 00:00:00 UTC,4.600943544243004,1302693687.6525245,132288149.42974235
2020-04-15 00:00:00 UTC,4.630485535168485,1310706184.2656376,118858494.74688621
2020-04-16 00:00:00 UTC,4.464539439531876,1261372486.3752592,102436091.67505997
2020-04-17 00:00:00 UTC,4.777222026709646,1351607792.7163424,107731643.13906433
2020-04-18 00:00:00 UTC,4.659602683338371,1315727632.0750334,124313267.15473057
2020-04-19 00:00:00 UTC,4.801546329868655,1358398161.0996764,123252280.77476035
2020-04-20 00:00:00 UTC,4.7190452812434565,1337047164.2383478,117645458.40415585
2020-04-21 00:00:00 UTC,4.487184407320938,1274360084.300305,112113859.92388658
2020-04-22 00:00:00 UTC,4.463429918363324,1262221340.569048,106852067.88743092
2020-04-23 00:00:00 UTC,4.713156027684665,1332706397.6563532,137577859.3104539
2020-04-24 00:00:00 UTC,4.850447764831334,1371644474.7658145,131455542.75602561
2020-04-25 00:00:00 UTC,4.895990291104873,1384253905.995155,153154945.62357834
2020-04-26 00:00:00 UTC,4.872261168681349,1377078944.5095222,124465960.30438146
2020-04-27 00:00:00 UTC,4.908790893316073,1387146401.741474,128203746.04846142
2020-04-28 00:00:00 UTC,4.893917962636528,1383610126.6857054,113606666.0004751
2020-04-29 00:00:00 UTC,4.891558980966347,1384237163.222186,106660659.86042577
2020-04-30 00:00:00 UTC,5.278737049863137,1441968253.5399842,159058429.50878027
2020-05-01 00:00:00 UTC,5.311409819284374,1505202276.9663682,161722020.8406838
2020-05-02 00:00:00 UTC,5.412024930594871,1533534102.5413954,135265472.98359123
2020-05-03 00:00:00 UTC,5.539981803181233,1569435901.9040546,97961943.23242062
2020-05-04 00:00:00 UTC,5.344319036593931,1511577035.0490875,78528223.6148062
2020-05-05 00:00:00 UTC,5.253632003012437,1484229498.483194,107439083.33152375
2020-05-06 00:00:00 UTC,5.203932881512523,1468358720.4282155,133277899.68070789
2020-05-07 00:00:00 UTC,5.127783836294469,1468118610.5382168,162211362.0032048
2020-05-08 00:00:00 UTC,5.415753496461583,1530610889.743457,155338270.60612726
2020-05-09 00:00:00 UTC,5.389206051860339,1521977221.5622742,143120447.83051863
2020-05-10 00:00:00 UTC,5.311746100483267,1491856708.241726,217405366.79267266
2020-05-11 00:00:00 UTC,4.859765450289169,1386089402.518206,71004120.34168714
2020-05-12 00:00:00 UTC,4.887658704887717,1371187616.517733,222475379.26250148
2020-05-13 00:00:00 UTC,4.962066889389266,1404627640.6479735,130913211.04983549
2020-05-14 00:00:00 UTC,5.126894795255276,1445348318.9666843,136163585.45807844
2020-05-15 00:00:00 UTC,5.336787529652735,1511366990.1313746,146811833.43673554
2020-05-16 00:00:00 UTC,5.133538347822879,1455333892.5279453,141922076.00809428
2020-05-17 00:00:00 UTC,5.220796154963262,1472156911.7458348,125126846.95568652
2020-05-18 00:00:00 UTC,5.298558041197548,1498635100.8187087,123813548.26186681
2020-05-19 00:00:00 UTC,5.214560195162534,1474833812.09598,143912629.68961212
2020-05-20 00:00:00 UTC,5.200523198246951,1470907093.3859904,209425461.77199116
2020-05-21 00:00:00 UTC,5.251595661088649,1478271158.0109549,229037470.8586664
2020-05-22 00:00:00 UTC,4.980794839139356,1405899905.6473622,167391913.71975332
2020-05-23 00:00:00 UTC,5.056747064533169,1431349973.1409578,150308005.09504074
2020-05-24 00:00:00 UTC,5.037140229828462,1424696133.829801,134325120.7614181
2020-05-25 00:00:00 UTC,4.8634932876951025,1375582129.4898443,132913611.56721467
2020-05-26 00:00:00 UTC,5.008962615782286,1419015408.0294945,141197267.949441
2020-05-27 00:00:00 UTC,4.960773394898176,1402680515.9380019,141478532.7576637
2020-05-28 00:00:00 UTC,4.999220406922635,1413970955.9263694,187762490.739048
2020-05-29 00:00:00 UTC,5.220586533758878,1476581772.9127398,156337382.14911288
2020-05-30 00:00:00 UTC,5.236293645741279,1480043431.725604,159020541.12903282
2020-05-31 00:00:00 UTC,5.367774148783563,1518212066.3938563,153686514.04789448
2020-06-01 00:00:00 UTC,5.185406866637941,1462636091.4258242,152391370.504748
2020-06-02 00:00:00 UTC,5.360682821179256,1515302750.8176787,172991469.1193055
2020-06-03 00:00:00 UTC,5.167801500854694,1446416913.1838,177251454.53033218
2020-06-04 00:00:00 UTC,5.225329742482668,1459583084.852675,133161378.43174742
2020-06-05 00:00:00 UTC,5.377113004567164,1503744257.2705483,137101950.59423584
2020-06-06 00:00:00 UTC,5.335568659338702,1496782716.204957,126064786.91109186
2020-06-07 00:00:00 UTC,5.413917451634492,1510463882.167379,110528334.66004108
2020-06-08 00:00:00 UTC,5.46451718085377,1525849793.6248336,158004481.74837142
2020-06-09 00:00:00 UTC,5.4320951414135275,1519358108.8817415,111351987.69177543
2020-06-10 00:00:00 UTC,5.420171155670852,1513791017.1270015,101845718.69681993
2020-06-11 00:00:00 UTC,5.374088664566482,1499224408.604965,80062362.13198033
2020-06-12 00:00:00 UTC,5.106028791987497,1424413550.680822,140751756.45195466
2020-06-13 00:00:00 UTC,5.199816351118118,1452521430.5730627,113875941.81256874
2020-06-14 00:00:00 UTC,5.21101739456404,1449509487.6187627,91688357.47260538
2020-06-15 00:00:00 UTC,5.102171713243441,1424183450.246349,67438884.75944905
2020-06-16 00:00:00 UTC,5.05313401425563,1412324285.0513294,124920087.61457318
2020-06-17 00:00:00 UTC,5.1134043216207115,1430281723.346044,83924793.50409697
2020-06-18 00:00:00 UTC,5.08065313279073,1420357742.796434,83915735.32171494
2020-06-19 00:00:00 UTC,5.03823955936554,1408275470.2493672,96263814.76963046
2020-06-20 00:00:00 UTC,4.946188393678084,1379247368.4544973,150509596.0340973
2020-06-21 00:00:00 UTC,4.830701742587281,1348198164.6509686,140032999.8652677
2020-06-22 00:00:00 UTC,4.719343230338702,1317567692.6108742,130747974.09900981
2020-06-23 00:00:00 UTC,5.201438256333608,1455688083.545221,176765511.78075504
2020-06-24 00:00:00 UTC,5.109737685539003,1427294938.5780745,115800843.17346153
2020-06-25 00:00:00 UTC,5.095840397137364,1423554393.3155923,154145288.31016138
2020-06-26 00:00:00 UTC,5.170448838744854,1445386681.7308154,104085153.87404123
2020-06-27 00:00:00 UTC,5.114025029788203,1429205360.3620343,101274980.85179727
2020-06-28 00:00:00 UTC,4.949936756097553,1383377863.1867027,108834984.1847969
2020-06-29 00:00:00 UTC,5.036632199848134,1406488426.9181588,146362917.6209639
2020-06-30 00:00:00 UTC,5.059285595657968,1415515204.3886418,128350334.59621906
2020-07-01 00:00:00 UTC,5.052586305550237,1412710124.5493965,95022791.182419
2020-07-02 00:00:00 UTC,5.057346068753839,1413288698.939549,96788611.27873288
2020-07-03 00:00:00 UTC,4.941114548972911,1380238056.2340147,59765792.68514286
2020-07-04 00:00:00 UTC,4.9222164958066985,1379669827.6235085,104014383.85257709
2020-07-05 00:00:00 UTC,4.8993929774349345,1368343898.7295854,122476748.36559215
2020-07-06 00:00:00 UTC,4.835727699369009,1350047551.4020698,144770322.06732053
2020-07-07 00:00:00 UTC,5.129498185009169,1433727723.649849,201972984.01785597
2020-07-08 00:00:00 UTC,4.992397893870215,1394086700.5302796,177697105.15762016
2020-07-09 00:00:00 UTC,5.1040875683977776,1425807120.567673,118570483.40705435
2020-07-10 00:00:00 UTC,4.965719106356504,1385835908.357247,131374435.51926282
2020-07-11 00:00:00 UTC,4.9955737629107135,1394550635.5885992,118990472.82683934
2020-07-12 00:00:00 UTC,4.980699133295011,1391639493.564887,91524940.38645798
2020-07-13 00:00:00 UTC,5.005558173614087,1396608678.747297,97481610.79201812
2020-07-14 00:00:00 UTC,4.969650772619953,1387406085.01654,123194970.36111015
2020-07-15 00:00:00 UTC,5.060645584516481,1414675389.5511162,109635684.50777733
2020-07-16 00:00:00 UTC,5.140602314328436,1436147656.984497,103372679.67119601
2020-07-17 00:00:00 UTC,5.122633607567736,1431333592.467472,120177441.69221818
2020-07-18 00:00:00 UTC,5.1008600549536345,1424627479.3295527,81100358.85591109
2020-07-19 00:00:00 UTC,5.155325859863037,1440208665.6616173,59629770.53308362
2020-07-20 00:00:00 UTC,5.145192388792061,1438123998.605227,67798662.13435477
2020-07-21 00:00:00 UTC,5.163398852738887,1441763010.7600913,87755041.2329183
2020-07-22 00:00:00 UTC,5.197462851348083,1450906539.231724,87520146.57288842
2020-07-23 00:00:00 UTC,5.337719245352643,1490609828.839735,94151166.76067403
2020-07-24 00:00:00 UTC,5.52193761506209,1542309874.2665815,135894623.69868252
2020-07-25 00:00:00 UTC,5.357912215129231,1495703580.2822413,132166268.84359643
2020-07-26 00:00:00 UTC,5.515069321537413,1540570609.2836351,138334886.41564146
2020-07-27 00:00:00 UTC,5.70630935213614,1594536547.45114,123320502.8680209
2020-07-28 00:00:00 UTC,5.8203755348601485,1626111841.616099,161784131.87174785
2020-07-29 00:00:00 UTC,5.876504341254214,1640793173.664208,138203422.86344904
2020-07-30 00:00:00 UTC,5.791379931055968,1620954344.9648168,138353963.139735
2020-07-31 00:00:00 UTC,5.826249104552546,1634209638.2301362,117548112.74877518
2020-08-01 00:00:00 UTC,5.859442377439705,1637371616.376786,127427920.58311664
2020-08-02 00:00:00 UTC,6.237908935791955,1749752197.4360666,215022051.1100557
2020-08-03 00:00:00 UTC,5.697979970275786,1592563294.9346874,206246456.06291112
2020-08-04 00:00:00 UTC,5.945684234982289,1660021388.0081158,179981483.50832513
2020-08-05 00:00:00 UTC,5.976327499396634,1670972165.3242338,145923665.14879787
2020-08-06 00:00:00 UTC,6.104879046069956,1707777371.263366,133302519.92338298
2020-08-07 00:00:00 UTC,6.081733309293645,1697420964.5526376,151816267.0843105
2020-08-08 00:00:00 UTC,5.868576461211753,1640068965.1479504,155465646.56450588
2020-08-09 00:00:00 UTC,5.920594767433331,1653397481.8524294,173221154.24330363
2020-08-10 00:00:00 UTC,5.817339785857605,1622596698.3269918,185397555.13379708
2020-08-11 00:00:00 UTC,5.842859021930231,1631900127.8140118,160472892.6024952
2020-08-12 00:00:00 UTC,5.560394694895853,1554035626.483299,166664151.44645506
2020-08-13 00:00:00 UTC,5.5165554398271475,1542017031.6298392,155542299.268347
2020-08-14 00:00:00 UTC,5.668122649181128,1582752976.0277364,76489100.62820268
2020-08-15 00:00:00 UTC,5.9694129176348705,1667426660.2247467,99251994.08696386
2020-08-16 00:00:00 UTC,5.999139652960794,1675663235.7205873,78650779.15777986
2020-08-17 00:00:00 UTC,5.926326756415317,1654433917.814068,54606840.42571189
2020-08-18 00:00:00 UTC,5.8793968232976015,1646560566.38872,58982760.048337236
2020-08-19 00:00:00 UTC,5.630368864819452,1572055687.0599918,68398974.17043106
2020-08-20 00:00:00 UTC,5.358301559972455,1496404045.6314452,67419322.68890654
2020-08-21 00:00:00 UTC,5.540548686011805,1545969095.25395,54999155.399150096
2020-08-22 00:00:00 UTC,5.2953006986702595,1485410317.218034,57780136.94708028
2020-08-23 00:00:00 UTC,5.307691799156769,1482589147.757727,66043618.59382716
2020-08-24 00:00:00 UTC,5.243485744135314,1466452602.5442052,45569177.56460576
2020-08-25 00:00:00 UTC,5.299033915197274,1481039470.8679314,40036967.8283552
2020-08-26 00:00:00 UTC,5.631337482611487,1539133938.5742571,103241469.1483219
2020-08-27 00:00:00 UTC,5.619061150611246,1572769531.1041842,85964974.27009267
2020-08-28 00:00:00 UTC,5.445382585264615,1517531386.6493626,69138294.08849674
2020-08-29 00:00:00 UTC,5.5180497059601885,1542070222.1033893,48025494.07502635
2020-08-30 00:00:00 UTC,5.403888318089535,1508676211.658761,68056141.89316013
2020-08-31 00:00:00 UTC,5.518277079981194,1541805316.6593275,87057641.99077654
2020-09-01 00:00:00 UTC,5.638908147139887,1579618588.5993462,75271414.21754168
2020-09-02 00:00:00 UTC,5.738275769208998,1606291069.7872,94150593.7919557
2020-09-03 00:00:00 UTC,5.72320206625019,1583629059.7214365,91439150.03491516
2020-09-04 00:00:00 UTC,5.147908398227515,1416796984.4736633,103516768.1627526
2020-09-05 00:00:00 UTC,5.149904616953739,1418036366.5476158,114650118.11200996
2020-09-06 00:00:00 UTC,4.92712156633031,1354655095.996364,90365516.908442
2020-09-07 00:00:00 UTC,5.3177948801100685,1464665752.0682793,101624448.3670413
2020-09-08 00:00:00 UTC,5.418396844539312,1492927318.6364121,117813703.32293135
2020-09-09 00:00:00 UTC,5.259871305011889,1447300682.8266063,85842413.98576295
2020-09-10 00:00:00 UTC,5.344760081358532,1470606314.9974825,83211151.02437043
2020-09-11 00:00:00 UTC,5.500007784503182,1512915780.359411,113910484.6394936
2020-09-12 00:00:00 UTC,5.4362945838384364,1498249623.3781486,77382150.01904583
2020-09-13 00:00:00 UTC,5.692743871336214,1565910977.2427938,84266497.43545616
2020-09-14 00:00:00 UTC,6.534597289672525,1734110412.3621569,194642913.26466557
2020-09-15 00:00:00 UTC,6.508700567777275,1786012465.753255,119932545.44927016
2020-09-16 00:00:00 UTC,6.259610554978053,1727830754.887394,132522786.1386601
2020-09-17 00:00:00 UTC,6.381941533418783,1759196950.2185097,109446377.8078903
2020-09-18 00:00:00 UTC,6.115299176485116,1687789559.2726119,99164835.2048774
2020-09-19 00:00:00 UTC,6.129576807135047,1689713803.9706829,91299630.74162713
2020-09-20 00:00:00 UTC,6.1378484832592495,1690716717.1985934,89804104.75178614
2020-09-21 00:00:00 UTC,6.194912027125568,1707624773.510586,100694597.64239867
2020-09-22 00:00:00 UTC,5.8883179028880175,1627299379.9049852,99204499.18935311
2020-09-23 00:00:00 UTC,6.012034754474106,1655916659.2973757,90141715.49585262
2020-09-24 00:00:00 UTC,6.030355857275472,1663666295.5646942,99085572.95680843
2020-09-25 00:00:00 UTC,6.213291748140343,1720499457.3940732,100660052.89680755
2020-09-26 00:00:00 UTC,6.273896378077576,1726850972.3268826,94099539.16545479
2020-09-27 00:00:00 UTC,6.26210703087388,1725178766.6648872,72803537.60037734
2020-09-28 00:00:00 UTC,6.188202022618387,1704390534.1738703,77494254.20333378
2020-09-29 00:00:00 UTC,6.078911973833384,1671795850.3968685,34178133.06759637
2020-09-30 00:00:00 UTC,6.138568126485664,1690085358.6343627,53208727.84425361
2020-10-01 00:00:00 UTC,6.137817008597338,1691237918.8274388,68573297.36549471
2020-10-02 00:00:00 UTC,6.140074864495633,1681805350.8127413,77744407.80791613
2020-10-03 00:00:00 UTC,6.131361278431769,1689094734.9966578,83490642.46585956
2020-10-04 00:00:00 UTC,6.108435654440711,1684048832.6634307,67424746.09492092
2020-10-05 00:00:00 UTC,6.148439894042536,1694194376.5645366,67530139.8635017
2020-10-06 00:00:00 UTC,6.215563787241669,1708722363.6960075,68189596.55543414
2020-10-07 00:00:00 UTC,6.082573287688334,1677314965.9204745,81351357.28116086
2020-10-08 00:00:00 UTC,6.107417215298565,1683708518.1928225,73331467.11381425
2020-10-09 00:00:00 UTC,6.120396909847218,1686879257.3127809,72938179.5869501
2020-10-10 00:00:00 UTC,6.328304957253381,1745891230.922796,79796996.15909912
2020-10-11 00:00:00 UTC,6.094887891150138,1677687302.0536017,91296351.80573739
2020-10-12 00:00:00 UTC,6.100315605313359,1681209344.6370304,69669296.90394732
2020-10-13 00:00:00 UTC,6.126153437409996,1688220779.3182936,66428857.47246286
2020-10-14 00:00:00 UTC,6.078720883701821,1674874034.449192,67487810.93235634
2020-10-15 00:00:00 UTC,6.037841498800636,1663303199.0528395,65778628.27376125
2020-10-16 00:00:00 UTC,5.874061236278175,1616458128.4110777,44024734.39958119
2020-10-17 00:00:00 UTC,5.184505590415293,1428017051.7627623,87570809.03925547
2020-10-18 00:00:00 UTC,4.44673382137916,1209790033.4169986,84952637.15082091
2020-10-19 00:00:00 UTC,4.794374392549417,1319504976.2960439,75911905.03734656
2020-10-20 00:00:00 UTC,4.536956965924497,1248415250.6127822,49376832.920834325
2020-10-21 00:00:00 UTC,4.733908824231873,1305024538.6334763,47283222.53321262
2020-10-22 00:00:00 UTC,4.956026934555252,1364288876.8369048,74120315.38361429
2020-10-23 00:00:00 UTC,4.819849395729641,1326495203.003314,39597994.73853852
2020-10-24 00:00:00 UTC,4.495319046710014,1236555503.7942498,47162541.15031366
2020-10-25 00:00:00 UTC,4.582721389412832,1261618433.839138,40310232.89102309
2020-10-26 00:00:00 UTC,4.616118278160831,1271668427.9497552,38161048.741398074
2020-10-27 00:00:00 UTC,4.646981580726655,1280141656.38191,33043617.0231903
2020-10-28 00:00:00 UTC,4.670601358695988,1289249590.5987418,33255772.266545452
2020-10-29 00:00:00 UTC,4.609549070635346,1267418310.7709694,31776090.74344948
2020-10-30 00:00:00 UTC,4.628214273211389,1278396237.215392,31540436.55069569
2020-10-31 00:00:00 UTC,4.450321907910996,1224093154.9433248,35991780.87522964
2020-11-01 00:00:00 UTC,4.471467305802185,1239097873.0309856,38950868.306616314
2020-11-02 00:00:00 UTC,4.546669455240067,1251982772.876224,32081285.320914526
2020-11-03 00:00:00 UTC,4.375854735912363,1208034235.344183,36793245.620495744
2020-11-04 00:00:00 UTC,4.18584373035434,1151720980.0195825,37354982.30453974
2020-11-05 00:00:00 UTC,4.284190430761251,1174010594.21583,43701478.75665895
2020-11-06 00:00:00 UTC,4.478611544349816,1229920267.0463471,56258166.37337
2020-11-07 00:00:00 UTC,4.643716594064245,1279281631.7325816,45959438.991189875
2020-11-08 00:00:00 UTC,4.669049462902302,1288461574.9607394,40774166.35946334
2020-11-09 00:00:00 UTC,4.6797512868768365,1289242107.536313,27088635.97295837
2020-11-10 00:00:00 UTC,4.6066539427276965,1271590620.710368,48057505.701281846
2020-11-11 00:00:00 UTC,4.633908832252459,1277041848.407877,39598575.36922049
2020-11-12 00:00:00 UTC,4.760059037501567,1311958494.4777443,53495604.71923407
2020-11-13 00:00:00 UTC,4.836624457269736,1334993938.9584072,49934093.628907576
2020-11-14 00:00:00 UTC,4.840768597907699,1338693939.7330956,8968920.078336373
2020-11-15 00:00:00 UTC,4.715224032581744,1299653899.8162365,7272185.12747064
2020-11-16 00:00:00 UTC,4.659293750601948,1284393210.7317913,8000849.873684326
2020-11-17 00:00:00 UTC,4.63295873851859,1274897912.4828193,16077153.857313385
2020-11-18 00:00:00 UTC,4.80081433981649,1322565206.8296504,24958524.785190064
2020-11-19 00:00:00 UTC,5.388666741210399,1482925060.6833,39555240.15982524
2020-11-20 00:00:00 UTC,5.685293963750593,1565059811.1669052,34790205.430350415
2020-11-21 00:00:00 UTC,5.897723062309755,1624377905.5653603,30741455.364522066
2020-11-22 00:00:00 UTC,5.9571668657129075,1640017245.671034,100136292.20495202
2020-11-23 00:00:00 UTC,6.292570160545668,1745487961.801478,135926904.64160815
2020-11-24 00:00:00 UTC,6.1933925823038125,1702039860.6264615,160766203.31021327
2020-11-25 00:00:00 UTC,6.03851531858024,1661653691.5766077,166430260.62080166
2020-11-26 00:00:00 UTC,5.740907707263003,1582610619.4550445,101402811.7860957
2020-11-27 00:00:00 UTC,5.397758701856708,1483455138.4916527,166238396.48994905
2020-11-28 00:00:00 UTC,5.208889282539044,1432941998.083229,109145021.18520354
2020-11-29 00:00:00 UTC,5.2549007352814305,1447941760.8494754,87935729.263143
2020-11-30 00:00:00 UTC,5.345953889708332,1471386678.8838227,80501274.84291127
2020-12-01 00:00:00 UTC,5.500717777423613,1513237902.9758766,132252378.76556858
2020-12-02 00:00:00 UTC,5.227687439384213,1438145809.5094106,154350319.17184958
2020-12-03 00:00:00 UTC,5.384893492221492,1462393079.425792,97946733.23063989
2020-12-04 00:00:00 UTC,5.255270821959529,1430236536.2491903,62975230.21166653
2020-12-05 00:00:00 UTC,5.083702445664606,1379476558.6587734,67096718.74830218
2020-12-06 00:00:00 UTC,5.1310338471194274,1392546629.3290646,53627322.31073608
2020-12-07 00:00:00 UTC,5.085573867235167,1379614757.826221,41244076.00147345
2020-12-08 00:00:00 UTC,5.316777680926733,1446123724.0281177,74269786.59293
2020-12-09 00:00:00 UTC,5.254169626041015,1428329772.9075365,71254553.30414505
2020-12-10 00:00:00 UTC,5.250553943806474,1425751750.7872698,67402231.50951636
2020-12-11 00:00:00 UTC,5.208197564537813,1414962446.3118393,63291051.92827639
2020-12-12 00:00:00 UTC,5.524978774010412,1500549669.4617243,103755476.81952848
2020-12-13 00:00:00 UTC,5.521836162020902,1499555515.5337842,61414307.47668281
2020-12-14 00:00:00 UTC,5.628006585213994,1522691024.254567,61506500.0028266
2020-12-15 00:00:00 UTC,5.595980886825966,1518833905.3260093,50531215.59770402
2020-12-16 00:00:00 UTC,5.750756731422787,1561388683.7069664,80882027.18646517
2020-12-17 00:00:00 UTC,5.802192997543401,1574340371.5685327,93345660.70778492
2020-12-18 00:00:00 UTC,5.812214743536695,1576787766.500423,140327409.44845635
2020-12-19 00:00:00 UTC,6.032690747570661,1632186039.8430653,114247228.69562638
2020-12-20 00:00:00 UTC,6.053027354160054,1643760003.0163472,105446727.8305897
2020-12-21 00:00:00 UTC,5.98315348830758,1618936593.5303545,90728934.5916915
2020-12-22 00:00:00 UTC,5.626983310912304,1526589471.5293453,135481368.44775063
2020-12-23 00:00:00 UTC,6.088814280673577,1652525021.9732993,148079271.46754262
2020-12-24 00:00:00 UTC,5.958269415758947,1619840311.4024482,153927801.5425001
2020-12-25 00:00:00 UTC,6.063007435344308,1647056295.1571121,111964110.03539059
2020-12-26 00:00:00 UTC,6.173871936089543,1676302338.6437926,95210708.54158974
2020-12-27 00:00:00 UTC,6.1075303155003215,1657564916.9786236,97218098.65970765
2020-12-28 00:00:00 UTC,6.541405913144063,1781552484.2430944,160690783.6708382
2020-12-29 00:00:00 UTC,7.52734672076697,2040315829.9682496,221705042.77132693
2020-12-30 00:00:00 UTC,7.6272867039145,2058662762.9569845,305189201.90973103
2020-12-31 00:00:00 UTC,7.633909647506446,2072351717.720045,154023681.58998114
2021-01-01 00:00:00 UTC,7.7899938023828454,2118927699.3185065,237913419.35836548
2021-01-02 00:00:00 UTC,9.21376900455242,2496681346.1782055,301752061.05028296
2021-01-03 00:00:00 UTC,8.313005515762672,2226122671.758963,372476668.64570254
2021-01-04 00:00:00 UTC,7.528337656854226,2067888441.0168378,365722766.0697271
2021-01-05 00:00:00 UTC,7.049350971564066,1922453492.1248624,273829211.6343215
2021-01-06 00:00:00 UTC,7.520892680997944,2048118915.0509162,206392684.121061
2021-01-07 00:00:00 UTC,7.453555242802891,2016827204.2631352,192403435.13039345
2021-01-08 00:00:00 UTC,7.465504624290486,2027372278.7585852,230250288.7638526
2021-01-09 00:00:00 UTC,7.17043247390213,1944779799.9401574,224639111.51243025
2021-01-10 00:00:00 UTC,7.288311159958237,1975217429.7437587,188618639.38164338
2021-01-11 00:00:00 UTC,7.049403377270614,1943323331.8303182,231374563.70261005
2021-01-12 00:00:00 UTC,6.3545426585225595,1723338204.997165,408598851.4494355
2021-01-13 00:00:00 UTC,6.365618663767157,1726932132.4226432,192581811.8437612
2021-01-14 00:00:00 UTC,6.456864130022256,1752357864.7772212,206312298.1212321
2021-01-15 00:00:00 UTC,6.1988297220954784,1679725727.55833,152461710.62466368
2021-01-16 00:00:00 UTC,5.870123918841523,1595214472.055292,181557329.11720872
2021-01-17 00:00:00 UTC,6.079592650930826,1655366815.309001,151466488.70727128
2021-01-18 00:00:00 UTC,6.285610168143538,1709019763.7096853,150370201.75503832
2021-01-19 00:00:00 UTC,6.57623399308259,1778189451.8161008,168704776.71956778
2021-01-20 00:00:00 UTC,6.115189516731375,1662990898.5297558,175947829.60621336
2021-01-21 00:00:00 UTC,6.413489558502465,1741912046.7641275,166007998.3926232
2021-01-22 00:00:00 UTC,5.951630114808629,1629757931.1158357,187576449.04778406
2021-01-23 00:00:00 UTC,5.942267370604661,1610531333.120038,187565365.4393478
2021-01-24 00:00:00 UTC,5.8953450056861705,1599291220.1580155,136197197.66194695
2021-01-25 00:00:00 UTC,5.900859375779056,1597220327.5544925,109459887.97236027
2021-01-26 00:00:00 UTC,5.810738783676557,1578743248.3052201,110540441.52322254
2021-01-27 00:00:00 UTC,5.603544907519281,1520790759.6308064,140258077.39113596
2021-01-28 00:00:00 UTC,5.285503997488954,1432900602.382768,143383716.1692359
2021-01-29 00:00:00 UTC,5.472447759439281,1469757977.4919434,150116365.15788007
2021-01-30 00:00:00 UTC,5.439111673139636,1480161754.6644216,153014310.27384442
2021-01-31 00:00:00 UTC,5.393643224742366,1465496802.1865134,141921297.96939248
2021-02-01 00:00:00 UTC,5.742372182169818,1553438796.0606773,154766232.76787904
2021-02-02 00:00:00 UTC,5.768206218791478,1560464434.9013405,154880077.15446058
2021-02-03 00:00:00 UTC,5.860310442495976,1593784484.4124265,130038436.91444142
2021-02-04 00:00:00 UTC,6.215378964391328,1681866312.2025604,142108228.94247648
2021-02-05 00:00:00 UTC,6.058211870501437,1640919865.4429297,125105489.69019069
2021-02-06 00:00:00 UTC,6.601122178076041,1775090630.106737,147007105.30996576
2021-02-07 00:00:00 UTC,6.558883068685226,1787040854.037547,160929735.3379248
2021-02-08 00:00:00 UTC,6.263962909672118,1697032265.136285,178491904.72890502
2021-02-09 00:00:00 UTC,6.348655655095002,1709408399.2633889,169294180.22401705
2021-02-10 00:00:00 UTC,8.359553707993898,2276277960.291769,356509937.0833519
2021-02-11 00:00:00 UTC,9.198104931140207,2509872171.847661,550096288.8045197
2021-02-12 00:00:00 UTC,8.596624555819998,2327453611.544767,283474306.1258552
2021-02-13 00:00:00 UTC,9.084342547611254,2468103666.7404976,271273982.31361866
2021-02-14 00:00:00 UTC,8.946948399290312,2437012247.146303,276171923.4871508
2021-02-15 00:00:00 UTC,8.753740671846167,2375388382.0007114,243418749.69548735
2021-02-16 00:00:00 UTC,8.372242884484956,2275487725.168058,282948362.94624627
2021-02-17 00:00:00 UTC,8.25724700616988,2239803599.85942,199209698.43995014
2021-02-18 00:00:00 UTC,9.793346261557431,2636462862.9504457,299621089.66248906
2021-02-19 00:00:00 UTC,10.62857639472836,2878137242.8920755,389141384.29974604
2021-02-20 00:00:00 UTC,16.87126887246758,4454078962.8035,1092972651.4139144
2021-02-21 00:00:00 UTC,13.788087664538097,3617209256.185173,978579924.0908045
2021-02-22 00:00:00 UTC,21.519523610832692,5811523270.042198,1173811150.7891715
2021-02-23 00:00:00 UTC,20.20720638322225,5465784561.369077,1059418364.175704
2021-02-24 00:00:00 UTC,17.023858893837094,4564497957.904273,1005337262.9891615
2021-02-25 00:00:00 UTC,18.77460726571956,5101442452.393507,792746694.370491
2021-02-26 00:00:00 UTC,16.961535575044863,4683745573.829303,558919945.2698069
2021-02-27 00:00:00 UTC,16.404385269920354,4506051380.590795,555374337.5234188
2021-02-28 00:00:00 UTC,18.444677239936187,4937749408.387175,481968262.7352365
2021-03-01 00:00:00 UTC,15.628862362204277,4294449746.271691,471339222.73987156
2021-03-02 00:00:00 UTC,17.91751929056761,4860248240.249447,491628995.2177355
2021-03-03 00:00:00 UTC,17.059323196071272,4647393191.735695,349512868.7724627
2021-03-04 00:00:00 UTC,17.164415354315977,4645675347.017369,343059578.8876399
2021-03-05 00:00:00 UTC,17.6564215003573,4775694564.802815,493686568.64097136
2021-03-06 00:00:00 UTC,17.282200409852656,4657025161.349505,340693046.5718663
2021-03-07 00:00:00 UTC,17.02623183902072,4602716729.291075,232161852.31309077
2021-03-08 00:00:00 UTC,17.53100885797831,4717045485.290073,219641992.4135807
2021-03-09 00:00:00 UTC,16.872461068607976,4539779483.795249,258898394.9015366
2021-03-10 00:00:00 UTC,17.912397914095916,4826403767.833865,270039383.23013365
2021-03-11 00:00:00 UTC,16.646615176733956,4501742850.622221,253361745.6347178
2021-03-12 00:00:00 UTC,16.4416790609834,4453874597.070467,299702220.8310064
2021-03-13 00:00:00 UTC,15.787644625195165,4272377782.030777,254226636.1430356
2021-03-14 00:00:00 UTC,16.079522654653424,4335665885.7344,239802449.09405443
2021-03-15 00:00:00 UTC,15.842924274797529,4233283819.238942,191576510.06167853
2021-03-16 00:00:00 UTC,14.771984927896062,3997374205.2247057,242014123.37248734
2021-03-17 00:00:00 UTC,14.828612288129236,3964956995.5882115,211396761.4142361
2021-03-18 00:00:00 UTC,14.755925484824623,3965911041.959654,174931619.31739473
2021-03-19 00:00:00 UTC,14.50255015334933,3906066056.532092,180781375.8636695
2021-03-20 00:00:00 UTC,14.545581625945278,3926914514.0461774,142168985.43851012
2021-03-21 00:00:00 UTC,14.491720904648579,3911510096.5539737,115503908.93785922
2021-03-22 00:00:00 UTC,14.115845228144257,3802855192.54189,117510027.99585067
2021-03-23 00:00:00 UTC,13.6306676727038,3678230865.2373986,169857710.0320889
2021-03-24 00:00:00 UTC,13.530801338682831,3640794128.7257566,173175156.34291792
2021-03-25 00:00:00 UTC,12.857525658967237,3491526806.478237,182254635.5874984
2021-03-26 00:00:00 UTC,12.097940811290256,3256100186.2521157,201243194.44058606
2021-03-27 00:00:00 UTC,12.77878287272264,3419906212.5765476,148923382.97593245
2021-03-28 00:00:00 UTC,12.626164207734721,3399360958.025925,129274726.13333598
2021-03-29 00:00:00 UTC,13.535383876429885,3643463345.0855,194819980.173724
2021-03-30 00:00:00 UTC,14.703295974496104,3947369551.4890585,231019065.10276067
2021-03-31 00:00:00 UTC,16.299584346384755,4366149032.5402565,284158307.38864464
2021-04-01 00:00:00 UTC,16.960067383879615,4589783313.890986,355857746.04281807
2021-04-02 00:00:00 UTC,17.085459660897445,4531537765.218959,271851279.0339389
2021-04-03 00:00:00 UTC,17.472218808652464,4728646975.665377,308724499.23930746
2021-04-04 00:00:00 UTC,15.879695016763604,4311258583.298377,274106707.0211218
2021-04-05 00:00:00 UTC,16.847740495493724,4537817552.994864,233946450.06851476
2021-04-06 00:00:00 UTC,17.643882182077146,4750517516.907611,286989784.34078956
2021-04-07 00:00:00 UTC,18.45125205311529,4958477314.817412,340657155.15864843
2021-04-08 00:00:00 UTC,18.106517457654498,4903780400.499495,458446532.2654701
2021-04-09 00:00:00 UTC,19.178171346241577,5164502321.509735,273944977.82525134
2021-04-10 00:00:00 UTC,19.390071638981162,5221578970.112976,190019790.58108535
2021-04-11 00:00:00 UTC,20.714584277379032,5587248326.026716,358662578.4254974
2021-04-12 00:00:00 UTC,22.095308055045088,5911036750.289262,306732989.40254444
2021-04-13 00:00:00 UTC,22.74462661407546,6140585354.267069,611805070.6809607
2021-04-14 00:00:00 UTC,21.61769348928204,5815719423.081726,412645403.7974957
2021-04-15 00:00:00 UTC,20.063641842814206,5431818789.679143,462650040.8367544
2021-04-16 00:00:00 UTC,20.66376176816852,5581355413.641293,367995855.5623595
2021-04-17 00:00:00 UTC,18.966393621746665,5124687941.53572,512716452.5531928
2021-04-18 00:00:00 UTC,18.436618779213955,4993478331.78764,440689115.60991627
2021-04-19 00:00:00 UTC,17.62710394754625,4785686596.240482,584165861.4296998
2021-04-20 00:00:00 UTC,16.177573651120234,4340006500.019307,430205846.36733127
2021-04-21 00:00:00 UTC,17.536749600610158,4745108217.136421,488196266.2944758
2021-04-22 00:00:00 UTC,17.37060467561875,4723560331.320971,429353631.4584764
2021-04-23 00:00:00 UTC,16.711268288508997,4506062924.122919,450261041.9184757
2021-04-24 00:00:00 UTC,16.601466661303945,4477349737.371406,476525390.4762162
2021-04-25 00:00:00 UTC,16.569154315825493,4515410118.282674,315261104.1941643
2021-04-26 00:00:00 UTC,16.397788539258542,4407386559.488515,260693016.93862408
2021-04-27 00:00:00 UTC,17.475833985620707,4695591353.309703,244340167.51800603
2021-04-28 00:00:00 UTC,17.713156587870788,4752966900.061926,251705381.67156208
2021-04-29 00:00:00 UTC,17.285944981310397,4653019493.65168,275549529.85800654
2021-04-30 00:00:00 UTC,19.94591190291472,5358912164.642106,461431522.87464267
2021-05-01 00:00:00 UTC,21.313502408281195,5736263785.396298,462531431.8712545
2021-05-02 00:00:00 UTC,33.86682703251905,9190046627.947592,1805039595.1497257
2021-05-03 00:00:00 UTC,41.586195451653936,11201080113.101368,1451479210.2625093
2021-05-04 00:00:00 UTC,39.631707244474775,10622128590.866535,1495204349.3711216
2021-05-05 00:00:00 UTC,36.70848296284313,10065616551.489717,2786118416.5158057
2021-05-06 00:00:00 UTC,37.39606957927336,10106975030.475975,2517622837.2004437
2021-05-07 00:00:00 UTC,32.74889225927339,8816273927.321587,2690173286.558826
2021-05-08 00:00:00 UTC,33.10376560338709,8906437613.45097,2874227789.2282724
2021-05-09 00:00:00 UTC,32.19049413948426,8651262823.909933,1613104677.901981
2021-05-10 00:00:00 UTC,32.75286314648301,8825090993.900513,1554252824.7800753
2021-05-11 00:00:00 UTC,32.527949880312825,8757627106.572414,2221155430.896941
2021-05-12 00:00:00 UTC,34.50094760120968,9342087132.49827,1987127385.4697335
2021-05-13 00:00:00 UTC,33.51730758831571,9519627129.637733,1525926918.0931098
2021-05-14 00:00:00 UTC,35.03862770648847,9369792615.544327,2084913685.0961165
2021-05-15 00:00:00 UTC,34.17121229579197,9287049685.957365,1281767609.19214
2021-05-16 00:00:00 UTC,32.23309344617053,8694622674.991014,1189990388.9643455
2021-05-17 00:00:00 UTC,30.727607808805637,8196637023.129805,1114329054.8131747
2021-05-18 00:00:00 UTC,27.427784883774265,7571328587.504821,1361120613.676639
2021-05-19 00:00:00 UTC,27.043269345859983,7228994432.549975,1296329648.931972
2021-05-20 00:00:00 UTC,17.915584156293498,5137226139.068269,2435337470.6723657
2021-05-21 00:00:00 UTC,21.03010642573737,5767175836.717281,2218996972.9647584
2021-05-22 00:00:00 UTC,14.391193830484404,4011924901.732369,1223090327.9893258
2021-05-23 00:00:00 UTC,13.601836012181739,3665335554.665853,991099057.4755962
2021-05-24 00:00:00 UTC,12.27589699047003,3277790616.377886,1084520579.1558673
2021-05-25 00:00:00 UTC,15.210688964583806,4122005742.965383,1038037284.7072657
2021-05-26 00:00:00 UTC,14.459163931258255,3905069731.5221124,1056067295.7076775
2021-05-27 00:00:00 UTC,14.836988750538964,3989493130.110727,851861650.9907023
2021-05-28 00:00:00 UTC,14.458086541842734,3909179495.919949,768046241.8066893
2021-05-29 00:00:00 UTC,13.270562779066385,3609010354.978238,871536122.2751184
2021-05-30 00:00:00 UTC,13.004060485610108,3551114179.720009,802268120.1649326
2021-05-31 00:00:00 UTC,13.161609740695335,3544233963.0366273,687583766.1950803
2021-06-01 00:00:00 UTC,13.72921549890606,3695669079.4166203,625069513.9803947
2021-06-02 00:00:00 UTC,13.434762506605502,3622201761.333163,526401616.8177278
2021-06-03 00:00:00 UTC,17.83494847939383,4717058380.222305,887128802.3683289
2021-06-04 00:00:00 UTC,18.042068467047713,4871566013.471728,845309587.4816531
2021-06-05 00:00:00 UTC,16.21271539071236,4331804842.76632,580273836.6543114
2021-06-06 00:00:00 UTC,16.2210862849937,4327666495.090924,494760874.08252716
2021-06-07 00:00:00 UTC,16.23037419596198,4333939955.614677,281431287.68866843
2021-06-08 00:00:00 UTC,14.679988552106309,3955096379.9745874,310619146.66050607
2021-06-09 00:00:00 UTC,14.373313305767233,3852259894.68613,607089592.4176288
2021-06-10 00:00:00 UTC,14.832944842049049,4005113538.538655,555494689.1217681
2021-06-11 00:00:00 UTC,14.286776078974494,3822015104.2428055,459448707.77265614
2021-06-12 00:00:00 UTC,13.905923339745925,3718077128.0924683,345844921.23149914
2021-06-13 00:00:00 UTC,13.222199421253288,3541929588.8774195,381175794.3239341
2021-06-14 00:00:00 UTC,13.957430180828803,3717492805.4841766,319517473.77217937
2021-06-15 00:00:00 UTC,14.697987301432274,3926347056.866944,411494335.35567236
2021-06-16 00:00:00 UTC,14.667555898015873,3941813230.592459,343929565.5954462
2021-06-17 00:00:00 UTC,13.441468201286927,3592419633.1219287,428099449.03268266
2021-06-18 00:00:00 UTC,13.298748202372042,3538906382.7623916,338705850.0530879
2021-06-19 00:00:00 UTC,12.999607050521679,3484849429.0419855,300955659.4905995
2021-06-20 00:00:00 UTC,12.559169202771425,3363287577.5831466,277672159.43319285
2021-06-21 00:00:00 UTC,12.662877273748927,3384768435.914069,380054673.96725667
2021-06-22 00:00:00 UTC,10.341863146184675,2806671806.9197345,526997613.5798928
2021-06-23 00:00:00 UTC,9.062039129994012,2406127944.5016356,531821957.0062569
2021-06-24 00:00:00 UTC,9.911927680390756,2633671206.5998054,406085627.84843004
2021-06-25 00:00:00 UTC,10.492085416300899,2805480220.6556478,408758029.05965614
2021-06-26 00:00:00 UTC,9.847504475221392,2635879516.1446176,414559682.1338359
2021-06-27 00:00:00 UTC,9.580866179462792,2560922753.6966414,401837502.8422804
2021-06-28 00:00:00 UTC,9.918825319020547,2651879481.1687016,264207826.15754542
2021-06-29 00:00:00 UTC,10.41467308809329,2780233150.092564,275505745.7724077
2021-06-30 00:00:00 UTC,10.80218482484866,2892586480.416683,443518592.5991235
2021-07-01 00:00:00 UTC,11.015604440702344,2947308683.702197,378727629.2763938
2021-07-02 00:00:00 UTC,10.522540024656863,2807133808.742085,318482217.87032765
2021-07-03 00:00:00 UTC,10.408147411869681,2769081924.4714746,269658257.5368626
2021-07-04 00:00:00 UTC,10.662750834896533,2851637333.321889,245701670.42018476
2021-07-05 00:00:00 UTC,10.776004501170979,2879857438.925202,204985110.99133176
2021-07-06 00:00:00 UTC,10.361292555294519,2772892367.2687826,252830241.30934855
2021-07-07 00:00:00 UTC,10.506754996869635,2809958932.517593,234198438.96063676
2021-07-08 00:00:00 UTC,10.543285914784038,2821190208.11497,193308008.75357184
2021-07-09 00:00:00 UTC,10.003977048293416,2675045558.1851277,200241644.6296456
2021-07-10 00:00:00 UTC,9.979438269405525,2668522422.0025105,184268729.64415315
2021-07-11 00:00:00 UTC,9.781527120628455,2617196347.8599057,154983598.5602398
2021-07-12 00:00:00 UTC,9.877202749117883,2641645646.320017,114478609.99834333
2021-07-13 00:00:00 UTC,10.938975455454397,2929406432.066986,266711088.89833173
2021-07-14 00:00:00 UTC,10.845227592018029,2908828611.6023116,277975284.9411494
2021-07-15 00:00:00 UTC,11.185401228996355,2992153406.766806,338114021.0605721
2021-07-16 00:00:00 UTC,10.941886355341468,2943562069.145904,278387079.5401399
2021-07-17 00:00:00 UTC,10.867967262727873,2872361004.1722593,257317558.6227907
2021-07-18 00:00:00 UTC,10.803492195226667,2889018529.6629963,194462741.1537698
2021-07-19 00:00:00 UTC,10.892132040977776,2910294343.4925375,168577823.42891607
2021-07-20 00:00:00 UTC,10.322995437411835,2762088918.716312,192485312.8025573
2021-07-21 00:00:00 UTC,10.032598565679967,2683065566.4446497,241340615.76863953
2021-07-22 00:00:00 UTC,11.221219209865227,2989477197.198669,245925432.9997071
2021-07-23 00:00:00 UTC,12.952218957444133,3461534903.196505,335363222.7767085
2021-07-24 00:00:00 UTC,13.423714782832173,3588620099.664635,329840234.46669763
2021-07-25 00:00:00 UTC,14.002628980705925,3744757740.6939034,344000148.6111256
2021-07-26 00:00:00 UTC,15.160716587926947,4041312535.6547885,407195914.3758019
2021-07-27 00:00:00 UTC,15.83154897340919,4247868436.4199963,661472882.3485068
2021-07-28 00:00:00 UTC,18.124655665248675,4841393101.250752,727205339.8594978
2021-07-29 00:00:00 UTC,17.69322963025015,4748550909.085457,688982905.7207943
2021-07-30 00:00:00 UTC,18.195550272648973,4870736364.29518,504859893.71017647
2021-07-31 00:00:00 UTC,18.73786399706261,5009736180.099692,489126045.96872807
2021-08-01 00:00:00 UTC,19.602873974570343,5247689434.134611,407727823.64881617
2021-08-02 00:00:00 UTC,19.357479081269027,5174599447.81212,590524474.014324
2021-08-03 00:00:00 UTC,18.77016069291728,5020131824.428555,501513402.7869424
2021-08-04 00:00:00 UTC,17.475515901563732,4701354670.887523,528910638.9474911
2021-08-05 00:00:00 UTC,18.726927752918154,5018150084.365559,524255355.22090906
2021-08-06 00:00:00 UTC,20.406624730212215,5466588077.853408,672554920.2774206
2021-08-07 00:00:00 UTC,21.358130978656614,5709963887.1565695,605564345.5888643
2021-08-08 00:00:00 UTC,25.101210934026383,6663387925.319847,856704686.4267249
2021-08-09 00:00:00 UTC,22.313120752163954,5969168640.789694,1008416892.7886008
2021-08-10 00:00:00 UTC,24.241506945804122,6368988618.866031,1021843145.736665
2021-08-11 00:00:00 UTC,23.901955728262017,6377515199.617262,757110746.949406
2021-08-12 00:00:00 UTC,23.58446509859128,6295843930.6704,650217216.5301054
2021-08-13 00:00:00 UTC,22.907286789031268,6105681468.8933115,687364684.4645725
2021-08-14 00:00:00 UTC,23.30353421942273,6229055189.089484,456646422.92120695
2021-08-15 00:00:00 UTC,22.549314485640203,6044279077.673863,439878560.16190344
2021-08-16 00:00:00 UTC,22.509861553283557,6001039610.166857,542824718.6803567
2021-08-17 00:00:00 UTC,22.15616683523546,5941897617.682974,440979198.02116823
2021-08-18 00:00:00 UTC,20.713234538487004,5593911175.748089,464557917.2699842
2021-08-19 00:00:00 UTC,20.712597887630842,5547321644.000772,476541498.4142633
2021-08-20 00:00:00 UTC,21.985034336540316,5844231380.037537,545349468.0121989
2021-08-21 00:00:00 UTC,22.33527584855743,5967537133.908637,446702079.98776543
2021-08-22 00:00:00 UTC,21.358756922807462,5714128248.4112835,375315804.81075597
2021-08-23 00:00:00 UTC,21.305188219642833,5705046095.5466585,367036892.70801735
2021-08-24 00:00:00 UTC,21.745991964380764,5815873778.273872,390888561.35309476
2021-08-25 00:00:00 UTC,20.967593770431364,5635929210.509113,389008069.98813486
2021-08-26 00:00:00 UTC,21.454456974300136,5739686328.087723,370690629.9060884
2021-08-27 00:00:00 UTC,20.330187118254717,5446158549.682098,311356639.398214
2021-08-28 00:00:00 UTC,20.837611097833392,5592365964.154247,154575481.58148953
2021-08-29 00:00:00 UTC,20.49590931423974,5475143100.399217,118633933.32066852
2021-08-30 00:00:00 UTC,20.29290403091145,5429394629.907898,120278337.19579688
2021-08-31 00:00:00 UTC,20.25415843794831,5408505688.083092,113332780.93129092
2021-09-01 00:00:00 UTC,20.465788136780283,5473068135.64252,155278072.12095347
2021-09-02 00:00:00 UTC,22.73271834818775,6076385705.335341,250824426.52896774
2021-09-03 00:00:00 UTC,21.80294603104988,5831410141.098801,352998257.2650395
2021-09-04 00:00:00 UTC,22.29722198574423,5961155334.204142,334938750.39596665
2021-09-05 00:00:00 UTC,22.645575097451648,6056646390.860147,371871909.66206867
2021-09-06 00:00:00 UTC,22.94741379991662,6141603013.308794,346274299.0971782
2021-09-07 00:00:00 UTC,23.277786307446306,6234497211.907681,342014552.91869897
2021-09-08 00:00:00 UTC,19.311435248751092,5162140073.184624,552508792.9551208
2021-09-09 00:00:00 UTC,18.86948694857519,5051868750.631412,443963765.8642777
2021-09-10 00:00:00 UTC,18.609328077481948,4937579985.19507,280062691.3049712
2021-09-11 00:00:00 UTC,17.96707481577865,4762622187.258872,256267260.65981987
2021-09-12 00:00:00 UTC,18.188849357095908,4802936583.065293,212972128.62669525
2021-09-13 00:00:00 UTC,18.790415139743494,4993246663.139001,228451505.32427073
2021-09-14 00:00:00 UTC,18.143007615586985,4809682275.483216,382834288.2650423
2021-09-15 00:00:00 UTC,18.693083563230687,4951394548.804932,213033128.7693953
2021-09-16 00:00:00 UTC,19.25550549627213,5103796228.696303,203745466.67709786
2021-09-17 00:00:00 UTC,18.729485499471863,4964553010.651445,222001260.9819568
2021-09-18 00:00:00 UTC,18.615186527141386,4930266730.89162,204484689.24991617
2021-09-19 00:00:00 UTC,18.8688125142299,5006124926.302845,183899752.9442454
2021-09-20 00:00:00 UTC,18.494415445080655,4903699829.438237,165067773.7540382
2021-09-21 00:00:00 UTC,16.849202234349967,4457025530.837537,322796969.4908261
2021-09-22 00:00:00 UTC,16.32841109489514,4277575143.791875,319314833.3159911
2021-09-23 00:00:00 UTC,16.94819657198126,4474647571.5624695,322385371.49914247
2021-09-24 00:00:00 UTC,17.259081811187944,4574716005.081738,253900899.40755022
2021-09-25 00:00:00 UTC,13.965944076191224,3736972235.3980703,434924392.30007505
2021-09-26 00:00:00 UTC,13.146402669642098,3476974558.2604203,408145283.96447676
2021-09-27 00:00:00 UTC,12.636681371127526,3349002214.6259055,909470263.6273311
2021-09-28 00:00:00 UTC,14.664998207008075,3884519066.83053,772341928.4822172
2021-09-29 00:00:00 UTC,15.714163610553827,4223124189.3017564,776580946.9362274
2021-09-30 00:00:00 UTC,16.362719072877383,4317633761.811705,530345093.2584334
2021-10-01 00:00:00 UTC,15.887791050365589,4212636326.615795,423121627.1711287
2021-10-02 00:00:00 UTC,17.5352241123996,4648916083.623672,431108110.9715064
2021-10-03 00:00:00 UTC,18.213218119124196,4828980296.44785,492035943.28596413
2021-10-04 00:00:00 UTC,18.230742208423905,4853734763.886695,309077145.54984385
2021-10-05 00:00:00 UTC,17.940383089004047,4757413071.0539055,399832647.3620043
2021-10-06 00:00:00 UTC,17.898521237141473,4760515753.092228,369258943.45195115
2021-10-07 00:00:00 UTC,17.083684571726423,4542548234.20304,364181720.7395924
2021-10-08 00:00:00 UTC,17.559994101264518,4652249084.982264,446222718.2621341
2021-10-09 00:00:00 UTC,17.93888694799593,4725875803.75039,289010100.29801494
2021-10-10 00:00:00 UTC,17.528409991147658,4650736529.295172,282486022.3926113
2021-10-11 00:00:00 UTC,16.505306489520365,4381297106.440332,269364680.9127828
2021-10-12 00:00:00 UTC,16.28030250949881,4282807938.7829537,383449992.75128883
2021-10-13 00:00:00 UTC,15.989343630168914,4243185241.956575,230171292.64574656
2021-10-14 00:00:00 UTC,16.18401726165446,4261665012.5459504,490030909.99587023
2021-10-15 00:00:00 UTC,16.27295276280545,4315052484.39872,214377800.51293314
2021-10-16 00:00:00 UTC,16.76307433618283,4442150349.757798,272040208.5596397
2021-10-17 00:00:00 UTC,16.103506835771366,4276194537.487713,188334703.65923098
2021-10-18 00:00:00 UTC,16.04219908992406,4244802315.6209927,137682434.86987075
2021-10-19 00:00:00 UTC,16.330810599695415,4356050896.512629,165251666.6362694
2021-10-20 00:00:00 UTC,19.525696619297662,5148409330.08859,630444884.8729649
2021-10-21 00:00:00 UTC,26.124802153573842,6976724269.422754,1295283975.504078
2021-10-22 00:00:00 UTC,24.1388916984749,6343722339.9603195,934189578.240451
2021-10-23 00:00:00 UTC,28.825433339027665,7642127362.868168,1519498223.9203863
2021-10-24 00:00:00 UTC,27.560239141349737,7259643345.20553,1031343834.7458152
2021-10-25 00:00:00 UTC,26.03697784526659,6896501921.356293,718067955.5759742
2021-10-26 00:00:00 UTC,26.315595105065224,6976390896.088697,637664477.0968479
2021-10-27 00:00:00 UTC,24.210220612913947,6442267830.736643,637282791.4495162
2021-10-28 00:00:00 UTC,21.851565987781825,5796611931.739457,829979935.1944535
2021-10-29 00:00:00 UTC,22.079697031061524,5881958024.531278,575515447.6957241
2021-10-30 00:00:00 UTC,21.70938525861194,5739950063.982955,524244459.5038067
2021-10-31 00:00:00 UTC,21.07828002056298,5603896034.23779,341976616.6298115
2021-11-01 00:00:00 UTC,21.215209063757502,5629310300.573775,419908109.8831467
2021-11-02 00:00:00 UTC,22.7483542224852,6047051398.406742,505538982.2417054
2021-11-03 00:00:00 UTC,22.335578167685906,5912997924.190973,309725917.62798434
2021-11-04 00:00:00 UTC,22.70345090320933,6017943998.134629,278737830.6597247
2021-11-05 00:00:00 UTC,22.161413236828572,5766566457.241318,249245574.6407201
2021-11-06 00:00:00 UTC,24.697009122694105,6579490962.02951,455305783.9618558
2021-11-07 00:00:00 UTC,25.91654384493297,6874321257.138593,534091436.8315834
2021-11-08 00:00:00 UTC,28.15059785028238,7645081646.110065,663635899.2065016
2021-11-09 00:00:00 UTC,31.163110423185056,8189030684.406351,840956234.1349832
2021-11-10 00:00:00 UTC,30.354830970846745,8104586955.179575,863115652.0588042
2021-11-11 00:00:00 UTC,28.239073297081177,7485320700.915285,793818705.9142147
2021-11-12 00:00:00 UTC,28.61824310192369,7619575606.612873,553991161.5518036
2021-11-13 00:00:00 UTC,26.850999357269444,7113010991.067198,704479164.6491276
2021-11-14 00:00:00 UTC,27.314025127352018,7274251848.994985,501215655.78720605
2021-11-15 00:00:00 UTC,27.484325835118252,7246207413.30769,441681740.109477
2021-11-16 00:00:00 UTC,26.537776212737665,7063222619.260728,313167811.50354636
2021-11-17 00:00:00 UTC,25.177440848730605,6681201545.98582,583070392.1046346
2021-11-18 00:00:00 UTC,25.905497517558437,6862772808.070263,595660980.866702
2021-11-19 00:00:00 UTC,24.072192891227246,6378826046.09176,474201288.3481335
2021-11-20 00:00:00 UTC,24.75322732746976,6558765627.877391,409195174.40044475
2021-11-21 00:00:00 UTC,25.566893131695476,6774804237.373599,368588839.3409404
2021-11-22 00:00:00 UTC,24.674714037290205,6552241745.017697,332774543.6371813
2021-11-23 00:00:00 UTC,23.54594327100474,6240602339.348375,330084196.2652665
2021-11-24 00:00:00 UTC,24.482795447578173,6489618397.13226,748983310.0306351
2021-11-25 00:00:00 UTC,23.47251738030574,6221996463.529552,263651859.60595155
2021-11-26 00:00:00 UTC,27.2053945030162,7159979343.225961,575339514.0370158
2021-11-27 00:00:00 UTC,23.852259062312392,6311891746.29652,574489432.3764722
2021-11-28 00:00:00 UTC,23.38540675490276,6200294988.964915,370319003.6965719
2021-11-29 00:00:00 UTC,23.550947285690597,6189974044.87649,483001732.6359748
2021-11-30 00:00:00 UTC,24.266645864677916,6529497705.426776,364677278.51131994
2021-12-01 00:00:00 UTC,24.202660692836066,6422480671.348656,521425450.9008533
2021-12-02 00:00:00 UTC,25.22569363504856,6686748229.174466,455393371.61684626
2021-12-03 00:00:00 UTC,27.543517353402933,7305651590.289942,660830130.4615071
2021-12-04 00:00:00 UTC,26.366813395313986,7002237702.935219,743429736.0391537
2021-12-05 00:00:00 UTC,24.72414073412159,6522238100.820427,883874567.1156596
2021-12-06 00:00:00 UTC,24.19450949336259,6380804700.183212,593464371.2505271
2021-12-07 00:00:00 UTC,26.049461740583823,6903472741.596586,873346189.436681
2021-12-08 00:00:00 UTC,27.380816231826074,7187578072.644972,835475484.2625148
2021-12-09 00:00:00 UTC,27.307920641354873,7174799738.665569,709975355.1295292
2021-12-10 00:00:00 UTC,25.654551265000702,6768516644.896279,616455058.988565
2021-12-11 00:00:00 UTC,23.50712284863623,6170593572.884227,692431600.5332403
2021-12-12 00:00:00 UTC,26.440854281924505,6935846428.72368,572222524.2951411
2021-12-13 00:00:00 UTC,27.058860867777895,7101651611.779157,567933599.5298065
2021-12-14 00:00:00 UTC,28.014103740325382,7305061548.601141,768612278.7014766
2021-12-15 00:00:00 UTC,29.3157119418902,7691169935.693057,918739706.0758204
2021-12-16 00:00:00 UTC,31.71315702761293,8242755198.906268,1211788760.7374094
2021-12-17 00:00:00 UTC,31.087097235923267,8068874325.601614,813455828.9144896
2021-12-18 00:00:00 UTC,31.357383652224613,8239591312.583317,891059137.2519145
2021-12-19 00:00:00 UTC,31.118663566794623,8182201331.855146,267963705.58434027
2021-12-20 00:00:00 UTC,32.448389506732504,8482228416.966333,296661660.84962815
2021-12-21 00:00:00 UTC,32.26859389227109,8490803766.250381,666874435.87284
2021-12-22 00:00:00 UTC,32.39235334242667,8518159450.266929,418013937.0723434
2021-12-23 00:00:00 UTC,32.27042601173616,8477668117.527518,435171648.386908
2021-12-24 00:00:00 UTC,31.48749564396385,8252582895.565685,445792153.0184899
2021-12-25 00:00:00 UTC,30.13440162499166,7904405630.888584,509032653.7400761
2021-12-26 00:00:00 UTC,29.899899665360433,7888280393.921637,435402944.14470726
2021-12-27 00:00:00 UTC,31.010041025095326,8146300150.117953,67445190.12571935
2021-12-28 00:00:00 UTC,30.647977685944298,8049946100.22269,63170560.024171226
2021-12-29 00:00:00 UTC,30.05830805467132,7864264637.836229,64782460.37772203
2021-12-30 00:00:00 UTC,28.65246027821669,7478750261.50082,324514486.36685675
2021-12-31 00:00:00 UTC,28.75783091133275,7550759854.491649,252685315.21738622
2022-01-01 00:00:00 UTC,28.81681637182951,7594479147.796583,274784865.22975385
2022-01-02 00:00:00 UTC,29.387607451392274,7692609663.56358,191787735.98086122
2022-01-03 00:00:00 UTC,29.298129664551773,7707799968.200194,178627915.71855882
2022-01-04 00:00:00 UTC,28.789116569442488,7569611995.14104,186810033.8263836
2022-01-05 00:00:00 UTC,27.895685056606595,7383518318.827594,262367180.42876947
2022-01-06 00:00:00 UTC,26.50429186811587,6972706036.902388,252303914.46921653
2022-01-07 00:00:00 UTC,26.441687049448348,6981151184.521224,283761947.1617568
2022-01-08 00:00:00 UTC,25.20163756299918,6616882801.366252,329844372.9616397
2022-01-09 00:00:00 UTC,24.527189499280244,6495846318.716185,374972414.1717983
2022-01-10 00:00:00 UTC,24.131858928940723,6343497335.781951,132496583.23084264
2022-01-11 00:00:00 UTC,23.862589676347472,6270507140.324152,94658926.37314725
2022-01-12 00:00:00 UTC,24.880653182524053,6534781934.394026,77968342.26030113
2022-01-13 00:00:00 UTC,26.175673831807988,6864189766.00876,268820464.1612012
2022-01-14 00:00:00 UTC,25.498762783834675,6721071382.052173,107768648.50593254
2022-01-15 00:00:00 UTC,25.769506857326828,6756152693.419108,84748504.64484248
2022-01-16 00:00:00 UTC,26.056217673773975,6859246926.865973,51364192.636479795
2022-01-17 00:00:00 UTC,27.49430716331548,7223758165.908848,117996843.52910732
2022-01-18 00:00:00 UTC,26.39125402533157,6930307577.884798,210134361.2855237
2022-01-19 00:00:00 UTC,25.449333072295403,6690423947.245619,140400619.04448214
2022-01-20 00:00:00 UTC,25.178497874158037,6615063558.625002,100596498.10768187
2022-01-21 00:00:00 UTC,24.766842226625496,6558507686.433087,106072642.00255528
2022-01-22 00:00:00 UTC,21.313559299623005,5629098488.177252,493191305.3772769
2022-01-23 00:00:00 UTC,20.254258166763687,5297894099.9229355,699544920.230059
2022-01-24 00:00:00 UTC,21.16086630745805,5513871530.2066,462269502.65101385
2022-01-25 00:00:00 UTC,20.88771855936152,5507676182.710245,638533723.684129
2022-01-26 00:00:00 UTC,22.686745081496856,5949357441.308847,598180576.9538496
2022-01-27 00:00:00 UTC,21.871439668066095,5764529712.810315,427384683.3162427
2022-01-28 00:00:00 UTC,21.15935016696305,5528680765.860687,396483902.3087792
2022-01-29 00:00:00 UTC,21.147838975858626,5551062189.243605,311392832.2860667
2022-01-30 00:00:00 UTC,20.898204123121733,5487687720.297702,229926258.49292463
2022-01-31 00:00:00 UTC,21.10116987682964,5535077069.71241,266789984.55784574
2022-02-01 00:00:00 UTC,21.634552200152296,5703417067.101798,264611257.4315564
2022-02-02 00:00:00 UTC,22.029097561863185,5800667691.965367,245414544.33242208
2022-02-03 00:00:00 UTC,20.932087366039937,5499600090.781674,229561915.30448824
2022-02-04 00:00:00 UTC,20.808260803895347,5468417191.577473,197172627.58218175
2022-02-05 00:00:00 UTC,22.107629761701418,5783606237.047371,214457850.22843322
2022-02-06 00:00:00 UTC,22.231192134831364,5851285906.376013,61303526.946661025
2022-02-07 00:00:00 UTC,22.22329398128641,5839741194.661762,46427963.358527474
2022-02-08 00:00:00 UTC,23.071665270781427,6055816891.787945,77899758.33035442
2022-02-09 00:00:00 UTC,23.6494343103001,6217103870.698533,102547053.01443636
2022-02-10 00:00:00 UTC,23.49244495664953,6165063727.342799,74877108.21739621
2022-02-11 00:00:00 UTC,22.386351066679165,5864586278.084292,96950728.35637872
2022-02-12 00:00:00 UTC,21.440185304707672,5630103419.842618,144124766.14561123
2022-02-13 00:00:00 UTC,20.991617085867333,5512206492.093796,243113442.05929127
2022-02-14 00:00:00 UTC,20.766034206081205,5454292173.153099,139284385.60199082
2022-02-15 00:00:00 UTC,20.709011373053418,5439509070.63101,103109590.87501836
2022-02-16 00:00:00 UTC,21.70213110753158,5700499505.727825,50544514.21137787
2022-02-17 00:00:00 UTC,21.426095408303222,5633290299.434956,62347927.52904293
2022-02-18 00:00:00 UTC,20.355649837648574,5347939468.681387,125970282.95014323
2022-02-19 00:00:00 UTC,19.859295304864826,5218972901.893623,69383185.17360827
2022-02-20 00:00:00 UTC,19.730656806888035,5186756422.72743,41804976.527906395
2022-02-21 00:00:00 UTC,18.944825156015117,4990203449.901101,54699213.96042469
2022-02-22 00:00:00 UTC,18.123345314979073,4791196980.661073,95965154.8757718
2022-02-23 00:00:00 UTC,17.852153690450177,4681543504.3557005,152949208.24672616
2022-02-24 00:00:00 UTC,16.97062807486343,4452310021.903407,83870533.4777201
2022-02-25 00:00:00 UTC,16.8597578020752,4457286274.344642,372189965.6235789
2022-02-26 00:00:00 UTC,17.631776561148193,4627073054.973248,119966455.58925015
2022-02-27 00:00:00 UTC,17.725097258441995,4649942927.815355,79881982.47197667
2022-02-28 00:00:00 UTC,16.862745661824036,4426271905.634892,91946113.11125752
2022-03-01 00:00:00 UTC,18.142024251161523,4752938296.16222,100306785.4883869
2022-03-02 00:00:00 UTC,18.231060828524118,4784447130.82154,92615591.73911801
2022-03-03 00:00:00 UTC,18.291622447617538,4808480615.304906,83882817.65530466
2022-03-04 00:00:00 UTC,19.173023966156332,5037197948.156677,211426916.84791732
2022-03-05 00:00:00 UTC,18.106837620559997,4765430122.189865,173208083.3086134
2022-03-06 00:00:00 UTC,18.20190718141929,4772571747.708369,80741957.71671565
2022-03-07 00:00:00 UTC,17.98960497206904,4727810719.344128,111177704.01132233
2022-03-08 00:00:00 UTC,17.69569674480478,4644189638.067051,152395368.4464339
2022-03-09 00:00:00 UTC,17.766982121289168,4670740252.450592,113675982.88167278
2022-03-10 00:00:00 UTC,18.59051267549933,4892713554.046415,141529342.9532885
2022-03-11 00:00:00 UTC,17.87281199570905,4696219562.884691,172345815.89751744
2022-03-12 00:00:00 UTC,17.776266625486645,4660206445.321058,141615071.53093565
2022-03-13 00:00:00 UTC,17.675906723337988,4625643842.666156,85873972.14094271
2022-03-14 00:00:00 UTC,17.4292016806065,4564764013.572365,80993034.87647055
2022-03-15 00:00:00 UTC,18.679175060549486,4849866560.105736,159108775.01321262
2022-03-16 00:00:00 UTC,18.22216386745968,4745329463.211913,141732972.26943713
2022-03-17 00:00:00 UTC,19.048170659710898,4963994140.371125,189979601.59950158
2022-03-18 00:00:00 UTC,20.114093028988563,5225478141.00823,150906915.9541147
2022-03-19 00:00:00 UTC,20.26174084993834,5261374635.536752,109994761.59526426
2022-03-20 00:00:00 UTC,20.43335595587371,5301169090.957643,139655255.26358575
2022-03-21 00:00:00 UTC,19.401392422785186,5064056891.172926,209436107.40812615
2022-03-22 00:00:00 UTC,19.206032477059324,4986261572.107934,236751057.90340364
2022-03-23 00:00:00 UTC,19.635927132498512,5118268833.336008,164853364.4111825
2022-03-24 00:00:00 UTC,20.121547600943813,5224362620.461378,187063304.6468654
2022-03-25 00:00:00 UTC,21.343537198706134,5561613339.412514,298402000.2304382
2022-03-26 00:00:00 UTC,21.63448963724534,5627175970.69088,214640337.6821823
2022-03-27 00:00:00 UTC,22.016091543185304,5715832960.342961,155984968.43313453
2022-03-28 00:00:00 UTC,22.88047811531922,5942900403.883831,247042062.19756064
2022-03-29 00:00:00 UTC,21.99950560077725,5765236329.702603,173235841.7459071
2022-03-30 00:00:00 UTC,21.584856720971118,5620053708.672539,128208226.81204751
2022-03-31 00:00:00 UTC,21.40056057398674,5578518857.404731,116019822.3458552
2022-04-01 00:00:00 UTC,20.94723692707122,5421513505.432411,102680751.42056818
2022-04-02 00:00:00 UTC,21.288866531991662,5536953382.226411,79228598.31686047
2022-04-03 00:00:00 UTC,20.720609358996022,5399952967.364577,74807971.78430448
2022-04-04 00:00:00 UTC,21.28298726624747,5505194902.164328,67187336.84570499
2022-04-05 00:00:00 UTC,20.86110229916013,5419962133.110314,78938082.20679884
2022-04-06 00:00:00 UTC,20.20859977996258,5275363034.85744,53573952.220024
2022-04-07 00:00:00 UTC,19.00616809582001,4949553191.287933,74958699.34841318
2022-04-08 00:00:00 UTC,20.46916780255631,5343610445.599047,110088053.62392928
2022-04-09 00:00:00 UTC,19.27091175492214,5002867877.859802,76330043.27165613
2022-04-10 00:00:00 UTC,19.69735535167719,5112321839.191747,44569368.25784066
2022-04-11 00:00:00 UTC,19.400460956280504,5066532322.743748,35550590.57331146
2022-04-12 00:00:00 UTC,18.271316782817046,4760894966.791802,58649296.78775727
2022-04-13 00:00:00 UTC,18.94785917101051,4925236566.557642,60511106.7673995
2022-04-14 00:00:00 UTC,19.69708098899038,5128469043.922075,56137286.82309342
2022-04-15 00:00:00 UTC,19.78698097651373,5139993239.945207,92538592.609475
2022-04-16 00:00:00 UTC,20.413341679113053,5312878742.439795,49546375.76939268
2022-04-17 00:00:00 UTC,20.759840580831707,5408416260.520607,76241905.24085836
2022-04-18 00:00:00 UTC,19.978610755116527,5196508548.931006,63656794.53444083
2022-04-19 00:00:00 UTC,19.87537459170347,5160909940.5012865,66364292.94230589
2022-04-20 00:00:00 UTC,20.104056128402384,5233300329.991144,44798258.04524494
2022-04-21 00:00:00 UTC,19.45502959971723,5071917007.0985775,64717475.566493705
2022-04-22 00:00:00 UTC,19.07705264693019,4960518397.814255,47952521.18522915
2022-04-23 00:00:00 UTC,19.680703524877405,5116991904.997109,69654711.56002447
2022-04-24 00:00:00 UTC,19.78924778271395,5156143735.685322,47579295.53984142
2022-04-25 00:00:00 UTC,20.695767460958685,5397344751.264869,131541374.09854533
2022-04-26 00:00:00 UTC,20.27007503066339,5280917075.727208,104677095.74875483
2022-04-27 00:00:00 UTC,19.41524200066057,5049848683.215113,77914372.49838887
2022-04-28 00:00:00 UTC,19.69122962765136,5121256626.234566,58715649.96740839
2022-04-29 00:00:00 UTC,19.118098396745992,4968604207.794571,75794274.0041616
2022-04-30 00:00:00 UTC,18.593489433487076,4846384397.488303,49922665.80017007
2022-05-01 00:00:00 UTC,17.806379508673146,4649794160.714108,50334995.528909445
2022-05-02 00:00:00 UTC,18.233211209787736,4751843151.4547415,52290734.54430578
2022-05-03 00:00:00 UTC,18.86515049962703,4904584557.897963,66775251.452375
2022-05-04 00:00:00 UTC,18.296628336245547,4768487201.635615,63553042.768632896
2022-05-05 00:00:00 UTC,19.062720318094343,4928501571.451453,59300774.005506925
2022-05-06 00:00:00 UTC,18.11816721476445,4715097263.272201,68022060.0807805
2022-05-07 00:00:00 UTC,17.580111422225393,4575892253.663098,63575848.33954856
2022-05-08 00:00:00 UTC,17.242503495213523,4485027932.312632,36168906.497113906
2022-05-09 00:00:00 UTC,15.91784481560146,4136641555.8143334,51269244.92696334
2022-05-10 00:00:00 UTC,13.84856874336151,3645128392.2463765,67741065.58979067
2022-05-11 00:00:00 UTC,14.629712303832873,3779399716.1309977,83525846.66020145
2022-05-12 00:00:00 UTC,11.087987510380968,2963643054.958699,100571861.5358523
2022-05-13 00:00:00 UTC,12.014503243805922,3125497733.956319,102476360.66506667
2022-05-14 00:00:00 UTC,12.37749892040085,3224448097.669115,56107649.53479693
2022-05-15 00:00:00 UTC,12.698651478664386,3300672245.079364,40506977.78649544
2022-05-16 00:00:00 UTC,12.984096245915905,3377375910.2072563,35512247.41017492
2022-05-17 00:00:00 UTC,12.346260139747555,3210210814.675286,34756071.314579464
2022-05-18 00:00:00 UTC,12.90496369468606,3353641679.0159245,34446788.41833675
2022-05-19 00:00:00 UTC,12.087116684277,3170856644.254617,32784112.002930004
2022-05-20 00:00:00 UTC,12.491935292033007,3246448921.274087,16063754.927780773
2022-05-21 00:00:00 UTC,12.100249925340187,3146927776.507605,11934540.258578988
2022-05-22 00:00:00 UTC,12.251825205611933,3188663636.4805794,7208869.429257484
2022-05-23 00:00:00 UTC,12.534827764683522,3267336282.3953843,8498302.889375111
2022-05-24 00:00:00 UTC,12.585688833519306,3268656595.325864,8234705.80691589
2022-05-25 00:00:00 UTC,12.771255811014115,3319145715.118118,9254363.093952479
2022-05-26 00:00:00 UTC,12.661063314431477,3294619368.009494,10325613.335353315
2022-05-27 00:00:00 UTC,12.098708170808512,3147682809.5781636,11370167.484391334
2022-05-28 00:00:00 UTC,11.23888994909296,2926395920.4910474,12835419.869691378
2022-05-29 00:00:00 UTC,11.532209247517624,3010324097.2055225,6842951.890868299
2022-05-30 00:00:00 UTC,11.695560945622022,3032190690.087509,6074836.2800825145
2022-05-31 00:00:00 UTC,12.44209136273738,3235552137.2498865,9024864.533765769
2022-06-01 00:00:00 UTC,12.242503458342213,3184810561.07983,7436768.124100933
2022-06-02 00:00:00 UTC,11.521342666263198,3003863214.5996213,5641687.267867407
2022-06-03 00:00:00 UTC,11.718692511938432,3053325921.0797157,5088214.533737083
2022-06-04 00:00:00 UTC,11.372818596703361,2954056061.6992126,3566305.4040950774
2022-06-05 00:00:00 UTC,11.507785216079181,2986091248.1794133,63408967.9531119
2022-06-06 00:00:00 UTC,11.524092038380887,3004487320.0206947,2777277.1592085995
2022-06-07 00:00:00 UTC,11.647379300692563,3030869952.8174205,4922061.043075495
2022-06-08 00:00:00 UTC,11.385915343843815,2972642472.399708,5759283.69782085
2022-06-09 00:00:00 UTC,11.391074076326962,2964226322.917589,4620046.102695483
2022-06-10 00:00:00 UTC,11.300218389124211,2948382445.035795,3605438.1134437984
2022-06-11 00:00:00 UTC,11.01013886237509,2864538763.347819,4432431.460742517
2022-06-12 00:00:00 UTC,11.535564256401477,2990537400.812861,22911477.449823
2022-06-13 00:00:00 UTC,11.24501414077842,2960483587.9115252,23032666.910672154
2022-06-14 00:00:00 UTC,10.923163123103693,2788560438.592339,12546659.383057581
2022-06-15 00:00:00 UTC,11.241300765083349,2880158900.655585,9498977.779376002
2022-06-16 00:00:00 UTC,11.659071314824898,2988845064.759775,9710542.944947943
2022-06-17 00:00:00 UTC,11.08739879650681,2845194511.2177954,18516951.82198173
2022-06-18 00:00:00 UTC,11.194303855208686,2877912526.555282,11828360.685970701
2022-06-19 00:00:00 UTC,10.239257677374267,2624001460.0255246,8383478.82558542
2022-06-20 00:00:00 UTC,10.63011730741958,2724809287.9158382,11335322.576557308
2022-06-21 00:00:00 UTC,11.110812269403542,2843360071.467024,11989663.599058298
2022-06-22 00:00:00 UTC,11.118825961932147,2848278640.0187263,9934589.484861597
2022-06-23 00:00:00 UTC,11.214902355601282,2871984703.9355774,8897520.824655512
2022-06-24 00:00:00 UTC,11.527598986912453,2959048247.575559,5189999.964718614
2022-06-25 00:00:00 UTC,12.631843018680232,3245931241.312591,10306307.610242154
2022-06-26 00:00:00 UTC,13.43111251679689,3434203267.288575,7742093.731358182
2022-06-27 00:00:00 UTC,12.493029215529067,3203184785.7215247,6727654.876093117
2022-06-28 00:00:00 UTC,12.315863230400387,3162406935.0390415,4546927.33966334
2022-06-29 00:00:00 UTC,11.696471877542935,3005049229.042961,5662541.225570239
2022-06-30 00:00:00 UTC,12.239628815535346,3093784354.556909,12879718.900595378
2022-07-01 00:00:00 UTC,12.108773891831907,3103048157.636417,10971469.477829436
2022-07-02 00:00:00 UTC,12.162581717331836,3128819906.841175,10495039.72816589
2022-07-03 00:00:00 UTC,12.068891191314778,3096022849.8819203,5810587.800420906
2022-07-04 00:00:00 UTC,12.337444528666904,3165804172.172713,6767002.096144755
2022-07-05 00:00:00 UTC,12.764109689559245,3271915143.0587687,8300383.100096698
2022-07-06 00:00:00 UTC,12.45734441342068,3196951161.269822,7863905.902357031
2022-07-07 00:00:00 UTC,12.71606270259302,3264163092.009715,5943808.709954465
2022-07-08 00:00:00 UTC,12.972861331789256,3327525579.4936676,5554146.445928728
2022-07-09 00:00:00 UTC,13.090731648204889,3350899697.4081745,12604314.99917346
2022-07-10 00:00:00 UTC,12.921029767702725,3314143975.527073,4798731.198443965
2022-07-11 00:00:00 UTC,12.61006834229996,3235521607.231939,4715790.1819934
2022-07-12 00:00:00 UTC,12.153704002265084,3120517050.4237695,7151993.922586633
2022-07-13 00:00:00 UTC,11.801630678697082,3040017709.3026767,6011787.574911182
2022-07-14 00:00:00 UTC,12.64002560150891,3242487537.1780276,10650500.050459556
2022-07-15 00:00:00 UTC,12.675121636428292,3249456678.1970873,6962649.657045786
2022-07-16 00:00:00 UTC,12.627186876983863,3237302060.563539,6804233.390560083
2022-07-17 00:00:00 UTC,12.916074313993274,3311667836.844369,6474735.782058229
2022-07-18 00:00:00 UTC,13.204637399312197,3388844803.940124,9443484.595522815
2022-07-19 00:00:00 UTC,14.838242130763787,3782136453.1339183,19615487.89490421
2022-07-20 00:00:00 UTC,15.109584498994726,3858117335.0282235,22011042.386388388
2022-07-21 00:00:00 UTC,14.321814358196596,3677180093.035148,13757805.280547772
2022-07-22 00:00:00 UTC,14.853658778803348,3820970777.106291,9932247.739407877
2022-07-23 00:00:00 UTC,14.955016577035455,3834756073.5357676,12741694.855789827
2022-07-24 00:00:00 UTC,15.19376636911637,3888143669.4268055,12335170.5149886
2022-07-25 00:00:00 UTC,15.090315202816146,3873432632.0534973,7318760.996769934
2022-07-26 00:00:00 UTC,14.566221381159524,3752619104.06073,10404747.117740395
2022-07-27 00:00:00 UTC,15.449751756033352,3960646586.0222216,17126778.52509682
2022-07-28 00:00:00 UTC,15.922691060386992,4070979358.991496,14073785.226376465
2022-07-29 00:00:00 UTC,16.850301997678244,4317176157.71722,23552496.664986886
2022-07-30 00:00:00 UTC,18.330766295919968,4739791959.234108,37415595.42958993
2022-07-31 00:00:00 UTC,18.246899250911824,4670217693.4294615,16402660.653622508
2022-08-01 00:00:00 UTC,18.272868281934976,4697290973.982973,16357543.190537382
2022-08-02 00:00:00 UTC,18.06107014432841,4631557781.399312,13822658.31355378
2022-08-03 00:00:00 UTC,18.194124819934633,4657342809.664014,14517014.262398932
2022-08-04 00:00:00 UTC,18.06653949916583,4622285909.84084,10003568.723378582
2022-08-05 00:00:00 UTC,17.91610981575415,4582964838.32675,7332996.413990768
2022-08-06 00:00:00 UTC,18.236569245991813,4672120326.156012,10706788.435691925
2022-08-07 00:00:00 UTC,18.363961969221414,4716922158.973933,6274384.78936712
2022-08-08 00:00:00 UTC,18.23516079256094,4664840403.140344,6163904.331161205
2022-08-09 00:00:00 UTC,18.475884664462413,4738607625.58537,8487146.908547543
2022-08-10 00:00:00 UTC,18.228556609835184,4681976922.687107,9095299.685741356
2022-08-11 00:00:00 UTC,19.002999879470973,4871275334.759022,11914981.777649201
2022-08-12 00:00:00 UTC,18.667536902233472,4789922124.008025,8217927.190091586
2022-08-13 00:00:00 UTC,21.011923596287783,5393527289.838006,35765400.076214604
2022-08-14 00:00:00 UTC,21.86030015463922,5610023698.737707,18014109.89002438
2022-08-15 00:00:00 UTC,21.583062121123607,5530778756.135071,19014837.68562619
2022-08-16 00:00:00 UTC,21.673248057842848,5557690352.434475,12806447.169170529
2022-08-17 00:00:00 UTC,21.049541579547217,5407486658.257685,10397434.743934613
2022-08-18 00:00:00 UTC,20.727797607606604,5309093922.9719925,9876441.283994257
2022-08-19 00:00:00 UTC,20.61520600206059,5284644182.89628,7739365.400639165
2022-08-20 00:00:00 UTC,18.18391228041561,4661909588.701309,19355401.018391423
2022-08-21 00:00:00 UTC,17.256041712800414,4424147951.909401,15757952.926734542
2022-08-22 00:00:00 UTC,17.87329886187854,4585600324.833127,17434054.319296114
2022-08-23 00:00:00 UTC,17.601947380839377,4509571770.156742,15848859.347786367
2022-08-24 00:00:00 UTC,17.545543674669684,4495569479.3580265,13423650.838831982
2022-08-25 00:00:00 UTC,17.434404832784633,4469194460.028278,11041894.969855033
2022-08-26 00:00:00 UTC,17.760100054967953,4563845281.803268,9232226.933796393
2022-08-27 00:00:00 UTC,16.115118078173715,4118474081.67091,13448533.734189617
2022-08-28 00:00:00 UTC,16.13225380483288,4124061946.1739287,8568155.706258485
2022-08-29 00:00:00 UTC,15.538294567298914,3979757878.43356,8799649.570164934
2022-08-30 00:00:00 UTC,16.347830597209615,4184701299.0836935,10555389.88821988
2022-08-31 00:00:00 UTC,15.24306247640382,3910018246.4950495,17384641.14986381
2022-09-01 00:00:00 UTC,15.261611783504385,3914255248.5237064,8570243.110559328
2022-09-02 00:00:00 UTC,15.49179828155178,3949343581.771677,8650415.36103424
2022-09-03 00:00:00 UTC,15.537137981436084,3993401291.3437805,10583275.98354044
2022-09-04 00:00:00 UTC,15.192564552869607,3901060892.001696,5866645.76289577
2022-09-05 00:00:00 UTC,15.500877782229555,3969082142.8000565,5714186.1669160975
2022-09-06 00:00:00 UTC,15.356566332987574,3936212858.898946,6225540.012864094
2022-09-07 00:00:00 UTC,14.258851382119344,3660161782.6334004,16387136.596845344
2022-09-08 00:00:00 UTC,14.0975965871559,3616242282.045831,26235154.32481663
2022-09-09 00:00:00 UTC,16.633186257409292,4274842563.517541,51503602.34065478
2022-09-10 00:00:00 UTC,16.487807250756944,4222856838.2332363,38438988.71805099
2022-09-11 00:00:00 UTC,16.46794520814368,4218671418.2883706,18058421.37489733
2022-09-12 00:00:00 UTC,16.246618928696048,4160775782.5579906,16760343.510975756
2022-09-13 00:00:00 UTC,16.18911407678551,4142353596.4955816,20695092.283849407
2022-09-14 00:00:00 UTC,15.294225818743683,3916330743.96575,22500944.964202084
2022-09-15 00:00:00 UTC,15.513416088317934,3941360503.2075057,17241170.20701665
2022-09-16 00:00:00 UTC,15.172845237913798,3870955766.81777,22147654.941231787
2022-09-17 00:00:00 UTC,15.471205686296196,3895006116.36416,17805848.022972357
2022-09-18 00:00:00 UTC,15.744986135865597,3961122241.4425764,14524826.981177133
2022-09-19 00:00:00 UTC,15.128089820061199,3808154523.6588593,17274201.41659042
2022-09-20 00:00:00 UTC,15.112829022369452,3797065193.294984,26144613.39772882
2022-09-21 00:00:00 UTC,14.962181396257956,3767305110.6488347,19340144.38087065
2022-09-22 00:00:00 UTC,14.593148622595727,3671471199.9025,24175337.867536422
2022-09-23 00:00:00 UTC,15.06597222244082,3783967539.477462,19948981.258643977
2022-09-24 00:00:00 UTC,14.8692453851979,3745959805.4492474,21408832.873614307
2022-09-25 00:00:00 UTC,15.188172283063372,3827302363.655795,19766049.849537622
2022-09-26 00:00:00 UTC,14.908049428853342,3753645688.483374,14304272.145964792
2022-09-27 00:00:00 UTC,15.346914676283303,3838187193.0882664,15167398.134769179
2022-09-28 00:00:00 UTC,15.336882835018843,3862987127.2766304,17784500.197160386
2022-09-29 00:00:00 UTC,15.484707142564204,3899913479.76579,14358598.757648068
2022-09-30 00:00:00 UTC,15.781327358311707,3962543588.0172086,16655798.193033323
2022-10-01 00:00:00 UTC,16.075365129764762,4053777372.0617924,25648917.83275148
2022-10-02 00:00:00 UTC,15.973730482500477,4015376061.610033,11492683.95915645
2022-10-03 00:00:00 UTC,15.5709818906507,3923658852.809708,12723652.265547603
2022-10-04 00:00:00 UTC,15.462210153580799,3898348568.0507402,17059613.210271742
2022-10-05 00:00:00 UTC,15.709919211213684,3953807607.2744036,13720787.773326721
2022-10-06 00:00:00 UTC,15.503391224819865,3901081304.981684,16776499.614528125
2022-10-07 00:00:00 UTC,15.56037823211761,3911983990.2719035,15492771.774503702
2022-10-08 00:00:00 UTC,15.602039154904158,3923849087.8250804,12633166.464883056
2022-10-09 00:00:00 UTC,15.703710091580467,3952176382.7447524,10590795.013053712
2022-10-10 00:00:00 UTC,15.588413401902098,3914153747.141428,11207888.386663072
2022-10-11 00:00:00 UTC,15.730768042251734,3970613293.2792625,30412440.473131448
2022-10-12 00:00:00 UTC,15.529112123230025,3902552662.245676,16194485.670261977
2022-10-13 00:00:00 UTC,16.44417260927255,4138526565.5328946,27005156.470520947
2022-10-14 00:00:00 UTC,16.540665253670646,4159346836.4587584,39192325.36217416
2022-10-15 00:00:00 UTC,16.738639568243226,4208460094.977607,27788136.500998776
2022-10-16 00:00:00 UTC,16.647240918609935,4189533095.6831346,20277096.972367123
2022-10-17 00:00:00 UTC,16.7504554262379,4213205679.2440133,15448068.13297848
2022-10-18 00:00:00 UTC,16.96000185906057,4269998977.581841,19902308.2395088
2022-10-19 00:00:00 UTC,16.714857947437864,4207530978.9726987,21246398.84667172
2022-10-20 00:00:00 UTC,16.096416166424973,4055821927.0671954,19257957.81913458
2022-10-21 00:00:00 UTC,15.623135423190286,3927566042.254398,25690279.292578917
2022-10-22 00:00:00 UTC,15.459419194932822,3889015114.723424,19948660.366221182
2022-10-23 00:00:00 UTC,15.623258825751684,3920529959.973587,13869651.94253382
2022-10-24 00:00:00 UTC,15.949137217205266,4003325874.835579,18233883.40789415
2022-10-25 00:00:00 UTC,15.764502574467326,3966954556.8575015,25797217.11905945
2022-10-26 00:00:00 UTC,16.07863292917975,4039426475.433785,19694756.61177015
2022-10-27 00:00:00 UTC,16.145348898150523,4060348526.5105014,32443139.02316531
2022-10-28 00:00:00 UTC,15.65127437358547,3939333584.485341,24926788.54844357
2022-10-29 00:00:00 UTC,16.084330353361988,4046779131.663095,21138576.19417354
2022-10-30 00:00:00 UTC,16.19017919105982,4068664471.654627,26109897.33803931
2022-10-31 00:00:00 UTC,16.155264070936944,4061150662.355302,24207023.44663204
2022-11-01 00:00:00 UTC,17.176053144552615,4328924848.39524,51293626.64302219
2022-11-02 00:00:00 UTC,16.4266658560297,4136792255.1062455,38073009.59335865
2022-11-03 00:00:00 UTC,16.117551103383285,4057102185.9299912,29240910.165694192
2022-11-04 00:00:00 UTC,19.954192074979346,5041331906.501567,81540824.4295083
2022-11-05 00:00:00 UTC,20.590974582509734,5185254440.162928,58627226.59839355
2022-11-06 00:00:00 UTC,22.151508609694663,5577588585.450526,48596888.19655935
2022-11-07 00:00:00 UTC,21.8528883862199,5508517140.993846,34790907.0535744
2022-11-08 00:00:00 UTC,22.79503558401565,5802498409.068107,46593626.74027622
2022-11-09 00:00:00 UTC,21.255170738167475,5364552729.036858,54874874.41377999
2022-11-10 00:00:00 UTC,17.953010480760625,4557785117.775575,42253821.1360852
2022-11-11 00:00:00 UTC,20.188920094052442,5086044009.324945,28457501.18156509
2022-11-12 00:00:00 UTC,19.251538777112703,4842175554.292863,25135946.99077442
2022-11-13 00:00:00 UTC,18.39452067038912,4628569579.812499,18626213.186766334
2022-11-14 00:00:00 UTC,17.764307702942627,4465397675.237211,16047630.584281605
2022-11-15 00:00:00 UTC,18.82806234447142,4734253161.306196,18992093.525467627
2022-11-16 00:00:00 UTC,18.702197448568693,4709303202.532391,14845442.350924667
2022-11-17 00:00:00 UTC,19.315812004155976,4857127322.791438,15379780.268429121
2022-11-18 00:00:00 UTC,18.963944685714218,4767119091.752027,13915539.885040248
2022-11-19 00:00:00 UTC,19.86934966272279,4994457631.952765,15488350.712735157
2022-11-20 00:00:00 UTC,20.566848882678425,5177438020.876173,19016629.10620139
2022-11-21 00:00:00 UTC,20.032539790532834,5048991404.407745,15943760.425081765
2022-11-22 00:00:00 UTC,19.871023933750596,5004257724.526406,17858516.152343486
2022-11-23 00:00:00 UTC,20.213712037715023,5087642822.823345,14328185.63301427
2022-11-24 00:00:00 UTC,21.43433795886662,5390335445.689226,22893109.693017397
2022-11-25 00:00:00 UTC,21.12626542958344,5316664013.078251,17139131.923356276
2022-11-26 00:00:00 UTC,21.03823830839364,5284856812.755334,15777271.092755761
2022-11-27 00:00:00 UTC,21.016696693091813,5285647194.072502,14990831.9277016
2022-11-28 00:00:00 UTC,20.892565757675474,5247231513.014679,13737028.092014674
2022-11-29 00:00:00 UTC,20.326393031774316,5113891690.321804,14863139.741887791
2022-11-30 00:00:00 UTC,20.475882509081327,5151842408.306991,14810226.842286961
2022-12-01 00:00:00 UTC,21.529685381132015,5415216433.4143305,17978233.22832751
2022-12-02 00:00:00 UTC,21.824701364341756,5496751423.991069,21027309.702508878
2022-12-03 00:00:00 UTC,22.293950485579593,5609672440.489001,15294477.65042177
2022-12-04 00:00:00 UTC,21.772858616600654,5494338120.275104,13734473.147638898
2022-12-05 00:00:00 UTC,21.801056861207538,5484748996.415975,14458276.90017232
2022-12-06 00:00:00 UTC,21.31727409100358,5364619619.210344,14313080.47788154
2022-12-07 00:00:00 UTC,21.072600426463133,5301864755.796921,11572813.996401202
2022-12-08 00:00:00 UTC,20.950059728057056,5272069114.187455,13477793.296304703
2022-12-09 00:00:00 UTC,20.93904782225442,5273459116.611758,13089829.219933761
2022-12-10 00:00:00 UTC,21.376311008142746,5379363833.596966,15054593.191987477
2022-12-11 00:00:00 UTC,21.28611081063323,5359713393.0239525,15476643.638381153
2022-12-12 00:00:00 UTC,21.080438469242036,5303672037.597963,14047361.892768921
2022-12-13 00:00:00 UTC,21.169225742760663,5331832549.014732,16622715.317925964
2022-12-14 00:00:00 UTC,22.901772290348266,5757625872.614802,29350574.579749156
2022-12-15 00:00:00 UTC,22.768032658744744,5731717399.796402,19148124.133101754
2022-12-16 00:00:00 UTC,22.740899056916177,5728098585.132648,16486363.486885587
2022-12-17 00:00:00 UTC,22.30541301328084,5610102630.382079,39073645.358917214
2022-12-18 00:00:00 UTC,22.093434297785933,5539673312.578068,26475456.254921902
2022-12-19 00:00:00 UTC,21.709282832637637,5461088025.08312,7849739.171062344
2022-12-20 00:00:00 UTC,21.29092588514964,5359504331.003471,18654560.25851324
2022-12-21 00:00:00 UTC,22.691330222813342,5708974811.020278,24110996.67629428
2022-12-22 00:00:00 UTC,22.653653626493124,5693868458.688894,19614767.02337438
2022-12-23 00:00:00 UTC,21.858577670534615,5497982610.406974,20378575.400673937
2022-12-24 00:00:00 UTC,22.13508772746329,5568680768.792943,15986368.331283422
2022-12-25 00:00:00 UTC,21.86866398519915,5503664064.542483,13021747.482727088
2022-12-26 00:00:00 UTC,23.20938734571304,5836748072.420261,20489502.160526786
2022-12-27 00:00:00 UTC,23.04655346076472,5800052358.372505,14154533.470564693
2022-12-28 00:00:00 UTC,24.013797257454296,6037393922.038315,19438805.908370495
2022-12-29 00:00:00 UTC,23.909560392750482,6015626386.669707,17501851.47928063
2022-12-30 00:00:00 UTC,24.18751821776924,6083438352.981688,15325898.03822961
2022-12-31 00:00:00 UTC,25.37268952670594,6373189786.360963,24779461.458426394
2023-01-01 00:00:00 UTC,26.043543135907,6548899156.864509,24487682.76178122
2023-01-02 00:00:00 UTC,27.49856274957006,6920794002.387171,25777035.98016731
2023-01-03 00:00:00 UTC,29.090688727715612,7303531498.467238,64733423.388186865
2023-01-04 00:00:00 UTC,28.468013188056943,7132054955.648446,34267641.01634403
2023-01-05 00:00:00 UTC,27.50126119756132,6887201124.450365,34852548.97858332
2023-01-06 00:00:00 UTC,27.277305590233805,6712197090.485326,25227824.216287993
2023-01-07 00:00:00 UTC,26.84855670480441,6620428694.68968,21322558.092316072
2023-01-08 00:00:00 UTC,27.143749820141547,6690809227.079442,19527729.241963696
2023-01-09 00:00:00 UTC,26.890587422176086,6639129448.769651,24080078.507566743
2023-01-10 00:00:00 UTC,26.675551762177292,6588108528.3433075,22261080.598532297
2023-01-11 00:00:00 UTC,27.149799704966828,6690948062.865573,22276906.666568566
2023-01-12 00:00:00 UTC,27.818728989699903,6871485615.042313,19729347.225977432
2023-01-13 00:00:00 UTC,29.395774751248755,7305466740.023159,28691383.119872734
2023-01-14 00:00:00 UTC,30.60393658046188,7530633096.518314,23596064.387023516
2023-01-15 00:00:00 UTC,32.427388271526574,7992842517.175195,33025032.589608688
2023-01-16 00:00:00 UTC,31.373759129711324,7748454384.221285,22677302.572260026
2023-01-17 00:00:00 UTC,31.595460229019515,7795491609.483368,24730196.61845487
2023-01-18 00:00:00 UTC,32.12523633811309,7928083679.82976,21372418.49446623
2023-01-19 00:00:00 UTC,30.832160125095132,7623906928.964365,25179729.06542974
2023-01-20 00:00:00 UTC,31.087504725113458,7662548983.138723,20270917.773355022
2023-01-21 00:00:00 UTC,34.074153447648754,8372143950.977321,28214165.10937477
2023-01-22 00:00:00 UTC,35.233052454492,8705205876.64213,36009076.89190553
2023-01-23 00:00:00 UTC,36.6942193185714,9057704916.520899,39335115.08682267
2023-01-24 00:00:00 UTC,36.07830366850139,8881243538.257772,29662375.8755512
2023-01-25 00:00:00 UTC,35.064830307631475,8664183648.135721,34722697.40066982
2023-01-26 00:00:00 UTC,36.6500002667553,9022679797.216436,27573096.983757004
2023-01-27 00:00:00 UTC,35.922318577942114,8868576001.224844,23910531.23347663
2023-01-28 00:00:00 UTC,36.242544517299415,8936285012.564497,21428766.483836137
2023-01-29 00:00:00 UTC,39.36265329420007,9694354279.143612,35829467.12715318
2023-01-30 00:00:00 UTC,39.87840871328732,9834147270.840622,30422441.08105868
2023-01-31 00:00:00 UTC,37.51192335835631,9256879169.723776,31426815.00891347
2023-02-01 00:00:00 UTC,37.72578217861451,9306389786.957373,25461489.591615792
2023-02-02 00:00:00 UTC,37.89030047235626,9344101201.351171,27638550.25765782
2023-02-03 00:00:00 UTC,39.942609148245694,9829832765.833042,38909295.94320952
2023-02-04 00:00:00 UTC,41.16947005084526,10154268543.099712,30993859.15251658
2023-02-05 00:00:00 UTC,41.10804685879764,10151936332.376734,26043900.355394278
2023-02-06 00:00:00 UTC,44.55308413327069,10862296941.825005,43451920.377773
2023-02-07 00:00:00 UTC,43.58671020526407,10729505826.155077,13677773.238454346
2023-02-08 00:00:00 UTC,45.77356896862837,11279327404.046953,26795792.091745205
2023-02-09 00:00:00 UTC,45.28697439528166,11102942477.395367,32363841.59888919
2023-02-10 00:00:00 UTC,39.34991228816594,9678791058.999754,50354438.77910539
2023-02-11 00:00:00 UTC,41.167399643813596,10103728103.671946,42492677.13429699
2023-02-12 00:00:00 UTC,41.41032729623126,10205789165.134502,34161989.70096248
2023-02-13 00:00:00 UTC,40.75935442191335,10054261935.858723,28243974.49361654
2023-02-14 00:00:00 UTC,40.83227493717068,10044948890.678032,41079685.97213217
2023-02-15 00:00:00 UTC,42.244567911627534,10408258120.46739,44487359.7229633
2023-02-16 00:00:00 UTC,45.48064563200981,11197232424.422386,43616321.467741325
2023-02-17 00:00:00 UTC,47.525086185338566,11696313743.46661,97659198.9590522
2023-02-18 00:00:00 UTC,57.97501790506765,14340743027.040731,93581606.84284711
2023-02-19 00:00:00 UTC,52.57243524073891,12960632979.890478,93764171.17046462
2023-02-20 00:00:00 UTC,52.1498858818314,12872891894.800323,60124537.50136947
2023-02-21 00:00:00 UTC,52.73791154255272,13016786766.663073,53797524.37290983
2023-02-22 00:00:00 UTC,50.19539622482868,12361581745.012297,49169027.11099023
2023-02-23 00:00:00 UTC,52.30577679463589,12965443373.01897,51450926.995725416
2023-02-24 00:00:00 UTC,52.15513213331246,12814256749.70932,46180278.189969294
2023-02-25 00:00:00 UTC,49.208573064444394,12149916121.229053,51105254.33771418
2023-02-26 00:00:00 UTC,51.006281722707996,12603166212.946342,43125667.01797351
2023-02-27 00:00:00 UTC,53.08572506826141,13084493847.566362,45996481.791705176
2023-02-28 00:00:00 UTC,52.04416182670983,12846717087.681381,42879091.410849206
2023-03-01 00:00:00 UTC,51.61734412042099,12713148327.468908,62761008.571749605
2023-03-02 00:00:00 UTC,51.31493403779042,12643012360.939768,60156926.21408662
2023-03-03 00:00:00 UTC,50.89560075998804,12553307922.766808,53057016.31073769
2023-03-04 00:00:00 UTC,49.5377742714152,12227261429.969093,53670742.300338335
2023-03-05 00:00:00 UTC,49.491590283308746,12201913988.625412,39801033.07284872
2023-03-06 00:00:00 UTC,49.95030607939861,12315566610.267971,38796193.11911435
2023-03-07 00:00:00 UTC,48.18889322154981,11881899628.91781,46898782.92337171
2023-03-08 00:00:00 UTC,43.93029882352232,10750416036.753948,70521113.45663583
2023-03-09 00:00:00 UTC,42.851401318928886,10596785793.230974,85250348.23329623
2023-03-10 00:00:00 UTC,40.643693723680606,2434377211.3881817,62798743.30528137
2023-03-11 00:00:00 UTC,40.318342954619446,2418567648.792516,68809784.30182864
2023-03-12 00:00:00 UTC,40.36492247624654,2422645969.2122736,65764158.35943529
2023-03-13 00:00:00 UTC,42.76286097851868,2526075502.8460913,53374932.44283556
2023-03-14 00:00:00 UTC,47.33006783136354,2840457631.724196,106534684.63760741
2023-03-15 00:00:00 UTC,49.270303161177566,2954832695.3348503,84408788.06410898
2023-03-16 00:00:00 UTC,47.472007133315365,2847615362.757653,62937467.923434876
2023-03-17 00:00:00 UTC,47.69971270422878,2858586086.5732,54093541.10262264
2023-03-18 00:00:00 UTC,49.79892119307188,2987157703.4229665,65115258.15799213
2023-03-19 00:00:00 UTC,47.89159570691841,2876249612.1571994,75540045.04480547
2023-03-20 00:00:00 UTC,48.352382569962536,2914452641.2066298,42845191.05755596
2023-03-21 00:00:00 UTC,44.94509602211206,2701900872.4849176,53989113.993100956
2023-03-22 00:00:00 UTC,45.48794211824899,2727360299.315573,49281710.850715585
2023-03-23 00:00:00 UTC,45.684472282923956,2729523587.4782567,50250883.63771873
2023-03-24 00:00:00 UTC,45.17528861700592,2706768230.403506,40423189.18947841
2023-03-25 00:00:00 UTC,42.335440298877,2554438207.7774734,41059181.99091856
2023-03-26 00:00:00 UTC,41.80792632966839,2505456314.4263477,27919101.2128455
2023-03-27 00:00:00 UTC,42.16529683224059,2534152458.3393006,30042243.755283426
2023-03-28 00:00:00 UTC,42.74309593828304,2554784511.4831243,46360106.13565403
2023-03-29 00:00:00 UTC,42.698857361054806,2560053129.613176,43184151.2135492
2023-03-30 00:00:00 UTC,42.74084023723275,2561501056.6344876,38579042.52096177
2023-03-31 00:00:00 UTC,41.91455318251511,2513612405.700445,32509829.087541744
2023-04-01 00:00:00 UTC,41.994457411165605,2519889735.985198,19706945.759725556
2023-04-02 00:00:00 UTC,41.71894785452823,2503041655.8793936,16229127.470763631
2023-04-03 00:00:00 UTC,41.63668300607966,2492444980.050712,16256508.04738203
2023-04-04 00:00:00 UTC,40.21881995366466,2416568326.026976,21270040.964288246
2023-04-05 00:00:00 UTC,40.86779460187082,2447482375.927892,19927476.352496024
2023-04-06 00:00:00 UTC,42.03619690340515,2522564731.1416116,23404747.614255425
2023-04-07 00:00:00 UTC,41.19334252676544,2472537573.573674,11640831.150537072
2023-04-08 00:00:00 UTC,41.39737922356344,2483734323.8904457,9805265.329324858
2023-04-09 00:00:00 UTC,41.37266982444241,2483744786.4675756,8033823.204258348
2023-04-10 00:00:00 UTC,41.4217461952718,2487317073.4955573,7905229.351172699
2023-04-11 00:00:00 UTC,42.89401085447527,2574662056.730094,17193638.928899385
2023-04-12 00:00:00 UTC,42.67070656661778,2560443856.075138,18016528.873877063
2023-04-13 00:00:00 UTC,42.380141703328796,2542481247.3457265,12107057.92623469
2023-04-14 00:00:00 UTC,43.494028222032405,2609502140.691185,11241883.437310942
2023-04-15 00:00:00 UTC,49.85096503588447,3017586732.423951,55997241.41764925
2023-04-16 00:00:00 UTC,55.80495202708464,3365805109.987632,162377766.09375492
2023-04-17 00:00:00 UTC,53.15973725274524,3185214661.347256,62065489.220535204
2023-04-18 00:00:00 UTC,52.32398403816908,3148545443.3635726,55143795.57952837
2023-04-19 00:00:00 UTC,54.80640957411146,3292751015.3441596,61196258.5558252
2023-04-20 00:00:00 UTC,52.71781689904795,3163704349.6881824,132036563.73448922
2023-04-21 00:00:00 UTC,53.48168243613165,3207711762.156238,68164432.9254863
2023-04-22 00:00:00 UTC,48.28948267773746,2894392719.471226,56028062.79260969
2023-04-23 00:00:00 UTC,48.13730821326613,2886509595.5194654,52929886.457673244
2023-04-24 00:00:00 UTC,46.286335639907115,2762398615.810392,49960132.396823876
2023-04-25 00:00:00 UTC,45.711568570807515,2750473127.4913363,80583057.20827278
2023-04-26 00:00:00 UTC,47.362063855515935,2838258727.6106358,27930287.57183361
2023-04-27 00:00:00 UTC,47.88702419390776,2867733925.9292393,28846852.029665913
2023-04-28 00:00:00 UTC,47.864409951103205,2867785946.821854,14841464.559526356
2023-04-29 00:00:00 UTC,47.63858864588796,2859383118.4725714,9741229.92521099
2023-04-30 00:00:00 UTC,47.68443503198351,2859863952.0304127,5464342.726391127
2023-05-01 00:00:00 UTC,47.16882390149187,2828239621.01479,10426443.581130477
2023-05-02 00:00:00 UTC,46.31045893666746,2773431428.579436,9536542.299798463
2023-05-03 00:00:00 UTC,46.37441147302132,2782151806.9372573,6529841.586205407
2023-05-04 00:00:00 UTC,46.87229920067087,2812004105.487231,12049714.654309474
2023-05-05 00:00:00 UTC,46.667413193993966,2801984401.6099153,6380942.827499079
2023-05-06 00:00:00 UTC,46.61302754431499,2798201574.116049,12628925.34045443
2023-05-07 00:00:00 UTC,45.43665919463603,2724217355.9470944,9655980.7356845
2023-05-08 00:00:00 UTC,45.398061534032394,2711451564.022365,5289118.817371858
2023-05-09 00:00:00 UTC,43.999272663473,2639814307.887042,11112452.446850613
2023-05-10 00:00:00 UTC,44.83947888768465,2689685920.1044903,12730420.67334988
2023-05-11 00:00:00 UTC,45.13493951055324,2712173669.7033772,9099178.992900392
2023-05-12 00:00:00 UTC,44.19801192749485,2650864375.1186657,5831002.251881387
2023-05-13 00:00:00 UTC,44.385745034072045,2661469005.3129635,7750853.885053638
2023-05-14 00:00:00 UTC,44.762585441417734,2692743048.2485085,5480428.069147559
2023-05-15 00:00:00 UTC,45.27105412479993,2715560932.0990834,3683033.4445569734
2023-05-16 00:00:00 UTC,46.45520578665415,2784579250.3749948,9813642.214401506
2023-05-17 00:00:00 UTC,46.01498350767508,2762697689.0439143,7179871.632932827
2023-05-18 00:00:00 UTC,46.102167271868595,2767755685.9981523,5571139.864293071
2023-05-19 00:00:00 UTC,45.630223297854954,2738276683.1293764,4452278.39575251
2023-05-20 00:00:00 UTC,45.63712989598247,2738943636.0323725,4893084.889467493
2023-05-21 00:00:00 UTC,45.94102063481814,2755948750.747804,3759989.870114936
2023-05-22 00:00:00 UTC,45.68824380057639,2743018449.0848722,3492903.126049602
2023-05-23 00:00:00 UTC,45.90437222768885,2754101642.092838,3271464.6748369075
2023-05-24 00:00:00 UTC,46.07228583061751,2762817638.487999,5949672.992866626
2023-05-25 00:00:00 UTC,44.980966654586446,2700537230.0154076,7841205.427231997
2023-05-26 00:00:00 UTC,46.12967305999051,2769994692.067269,16534764.347963514
2023-05-27 00:00:00 UTC,46.34993103744412,2781002062.8302684,5911388.534187102
2023-05-28 00:00:00 UTC,46.63378866654507,2795867733.387614,3581379.916078008
2023-05-29 00:00:00 UTC,47.60443950139652,2859446079.631936,7247990.639640818
2023-05-30 00:00:00 UTC,47.02451039260528,2821804446.5364404,5774037.792460537
2023-05-31 00:00:00 UTC,47.086231706684444,2824590503.282415,3420864.085058478
2023-06-01 00:00:00 UTC,45.95498758055492,2755074953.600028,7013777.444473217
2023-06-02 00:00:00 UTC,45.76890473691867,2746649495.964213,5102933.816338052
2023-06-03 00:00:00 UTC,46.38735999494723,2783161920.34104,4601646.518314971
2023-06-04 00:00:00 UTC,45.94494755554983,2756566785.7258835,3476967.035143203
2023-06-05 00:00:00 UTC,45.682001932460736,2738221788.418109,3446846.8963500066
2023-06-06 00:00:00 UTC,44.84896892205289,2686353971.340735,11988261.765378652
2023-06-07 00:00:00 UTC,45.56535189307438,2732551342.4051657,12055492.747548936
2023-06-08 00:00:00 UTC,44.74013825250674,2684982734.3217416,6143582.580186001
2023-06-09 00:00:00 UTC,44.67496009206873,2678274609.1848736,3727977.723294256
2023-06-10 00:00:00 UTC,44.787839728272516,2686151087.125251,5305856.87700512
2023-06-11 00:00:00 UTC,42.35632987736822,2541547237.874696,16529976.05453227
2023-06-12 00:00:00 UTC,40.29698964834777,2418659741.9581394,8624869.113918932
2023-06-13 00:00:00 UTC,39.46256644112008,2365246557.8167524,11445167.502671205
2023-06-14 00:00:00 UTC,39.91742810487874,2393883998.8190713,7925693.278072219
2023-06-15 00:00:00 UTC,39.50963004878632,2370494342.700329,6550195.345399982
2023-06-16 00:00:00 UTC,39.92375494609638,2394488851.8053436,4721158.417635361
2023-06-17 00:00:00 UTC,41.185415910839225,2471001637.9967456,5976678.948846024
2023-06-18 00:00:00 UTC,41.78186796625303,2506413525.6048684,4055726.507989852
2023-06-19 00:00:00 UTC,41.328789474305594,2477536190.0912976,2715475.586543662
2023-06-20 00:00:00 UTC,41.526384175708536,2493605452.922144,3413755.1774742296
2023-06-21 00:00:00 UTC,42.47942200785779,2532670266.346653,4805785.687130029
2023-06-22 00:00:00 UTC,45.87569505545397,2753024146.493233,13164047.856956694
2023-06-23 00:00:00 UTC,44.565388613545295,2675857394.476354,10010240.008558596
2023-06-24 00:00:00 UTC,45.244001602169185,2716613037.752971,5886666.436334403
2023-06-25 00:00:00 UTC,44.77546302813319,2687223839.6628246,4227780.013541223
2023-06-26 00:00:00 UTC,44.52478978482688,2674061924.02971,4468570.16669697
2023-06-27 00:00:00 UTC,44.11346620829306,2643337679.9255676,3374140.8210207038
2023-06-28 00:00:00 UTC,44.39136874672584,2662956776.9062133,3648308.855134409
2023-06-29 00:00:00 UTC,43.17168950345086,2592545049.241371,4692121.006265443
2023-06-30 00:00:00 UTC,43.442208005806926,2599196571.741709,3952103.1216006554
2023-07-01 00:00:00 UTC,44.708526752188526,2681308567.0640407,8660838.38879496
2023-07-02 00:00:00 UTC,44.56224784782562,2672328996.3287525,3846186.1390109174
2023-07-03 00:00:00 UTC,44.54269875634999,2670216571.0414367,3182046.7355266926
2023-07-04 00:00:00 UTC,44.775255089783705,2685822827.3816266,10547581.799932767
2023-07-05 00:00:00 UTC,44.093923749107475,2650408269.086076,3735043.962689572
2023-07-06 00:00:00 UTC,43.51132818292351,2613197148.482881,4417792.684033524
2023-07-07 00:00:00 UTC,42.76957134748906,2568345045.1451335,4419357.232446994
2023-07-08 00:00:00 UTC,42.976583158619015,2582546880.355881,2713420.778836503
2023-07-09 00:00:00 UTC,42.850152078414055,2572018173.3284554,1329768.8153942102
2023-07-10 00:00:00 UTC,41.21481873143841,2478112856.1247964,8359664.883710252
2023-07-11 00:00:00 UTC,42.81937166635298,2565098693.9462047,7371162.9609394865
2023-07-12 00:00:00 UTC,43.215458531566,2592808023.1592016,3343624.7248184183
2023-07-13 00:00:00 UTC,43.107628497040054,2584893262.540441,2029076.3422258545
2023-07-14 00:00:00 UTC,44.41364043694713,2663519184.276501,5233889.256413686
2023-07-15 00:00:00 UTC,43.18159888499735,2589485754.7115903,6336437.304827836
2023-07-16 00:00:00 UTC,43.5271148178864,2609305961.954884,2077440.3734955478
2023-07-17 00:00:00 UTC,44.034218150947595,2636095741.312433,3667343.3335469086
2023-07-18 00:00:00 UTC,43.61682635239559,2617687039.3209023,3600769.9834011616
2023-07-19 00:00:00 UTC,43.14919390293838,2589780654.16202,3450203.2824383345
2023-07-20 00:00:00 UTC,43.158096591585206,2587656673.154381,1738053.4915343707
2023-07-21 00:00:00 UTC,42.812671510453264,2573034218.452142,3195400.7543805167
2023-07-22 00:00:00 UTC,43.21981148816832,2593880969.2784305,1881559.8680968157
2023-07-23 00:00:00 UTC,42.87012331012404,2573307638.282934,2225513.0952154775
2023-07-24 00:00:00 UTC,43.21080283946285,2593669631.6625185,1622201.7356339106
2023-07-25 00:00:00 UTC,42.35732474559529,2541090363.631174,4238386.070268835
2023-07-26 00:00:00 UTC,42.56923780351499,2554828153.056057,1829673.5024237942
2023-07-27 00:00:00 UTC,42.90778045448075,2574259200.383642,2080579.8645550471
2023-07-28 00:00:00 UTC,43.18721450170235,2590144946.0166883,2914717.4605629165
2023-07-29 00:00:00 UTC,42.89681699991818,2573594139.6914635,1273187.9653135515
2023-07-30 00:00:00 UTC,42.71736626792782,2565341696.722783,1318227.485411739
2023-07-31 00:00:00 UTC,42.6387536395432,2559550627.7968054,1898030.4037348647
2023-08-01 00:00:00 UTC,42.56414136087309,2553800327.2791524,2189544.4291990576
2023-08-02 00:00:00 UTC,42.58788510132181,2559809366.383976,6027683.720415801
2023-08-03 00:00:00 UTC,42.034710490158346,2522953575.1696944,2758957.6914061117
2023-08-04 00:00:00 UTC,41.874999379979485,2516828009.8821115,3123313.9239796437
2023-08-05 00:00:00 UTC,44.8459466675287,2686621778.1372166,17744722.743662223
2023-08-06 00:00:00 UTC,45.26728210397509,2718857126.665376,7612555.748225885
2023-08-07 00:00:00 UTC,45.10076530158322,2704278932.581623,4857858.748177704
2023-08-08 00:00:00 UTC,45.01065463100212,2698161612.670228,5783716.012918396
2023-08-09 00:00:00 UTC,47.068299085269274,2826897832.3877273,10285880.547607174
2023-08-10 00:00:00 UTC,48.63594521548518,2915615830.4104304,11402377.433019234
2023-08-11 00:00:00 UTC,49.01817522249816,2942591140.989631,8798961.673837129
2023-08-12 00:00:00 UTC,47.993663054683246,2868437730.0889955,6490159.563140861
2023-08-13 00:00:00 UTC,48.112008244067816,2888692284.852947,2918235.5599866705
2023-08-14 00:00:00 UTC,46.683767497175815,2799337357.9879794,6092911.394711714
2023-08-15 00:00:00 UTC,47.049426975317964,2823896771.4081955,4128007.038774802
2023-08-16 00:00:00 UTC,46.18832753494481,2774210053.1214366,4059797.07204719
2023-08-17 00:00:00 UTC,45.484269609506256,2730544222.159971,4239566.4576241495
2023-08-18 00:00:00 UTC,42.45523763541694,2546488105.7193804,7225502.690183127
2023-08-19 00:00:00 UTC,42.351497716627115,2541657910.3872876,4884691.712715336
2023-08-20 00:00:00 UTC,43.229601761461716,2592884174.4572225,4320272.730216565
2023-08-21 00:00:00 UTC,43.798297115307754,2627198009.017812,3748077.214259764
2023-08-22 00:00:00 UTC,43.309682368545324,2597798206.301615,2697591.5869142767
2023-08-23 00:00:00 UTC,43.04373409945926,2581893680.228439,2102769.612447793
2023-08-24 00:00:00 UTC,44.219356093084365,2650987769.685631,4665405.392631328
2023-08-25 00:00:00 UTC,43.150269700981596,2580136113.6777644,4876672.876223226
2023-08-26 00:00:00 UTC,42.91206381999726,2576005291.0498037,2766880.1302282754
2023-08-27 00:00:00 UTC,42.88424861010834,2572260320.816838,2257634.8472642163
2023-08-28 00:00:00 UTC,43.000421730289354,2579132613.4966483,1192776.7164542223
2023-08-29 00:00:00 UTC,43.02965520612531,2580868548.842386,2909686.033848279
2023-08-30 00:00:00 UTC,43.88354055424737,2631227036.8967476,6413228.314136988
2023-08-31 00:00:00 UTC,43.71468009297907,2624043864.735509,2721133.4685699423
2023-09-01 00:00:00 UTC,42.92333696933106,2573872468.3893743,4253030.054842322
2023-09-02 00:00:00 UTC,42.8314565223435,2570813309.0187206,3060892.2317371564
2023-09-03 00:00:00 UTC,41.54945458267385,2492075246.924069,4799490.070637912
2023-09-04 00:00:00 UTC,42.36038288854235,2540180892.0693154,2496586.271754866
2023-09-05 00:00:00 UTC,42.578845398757984,2553071762.1875887,3366319.5016542776
2023-09-06 00:00:00 UTC,42.49625580707559,2548296412.958724,1628796.9322567885
2023-09-07 00:00:00 UTC,42.25294829377531,2531858800.7235904,2660368.720594871
2023-09-08 00:00:00 UTC,42.40817473571736,2543635793.7740536,2517980.5033964994
2023-09-09 00:00:00 UTC,42.32647931531927,2538028281.505026,2782190.153332193
2023-09-10 00:00:00 UTC,42.224896840101216,2533774958.708773,1620331.0689894587
2023-09-11 00:00:00 UTC,41.888395465828346,2513622801.7808194,2847420.398363374
2023-09-12 00:00:00 UTC,41.13751092860071,2466695545.105633,4219630.601759959
2023-09-13 00:00:00 UTC,41.63899076232967,2497807862.556946,3899407.243011372
2023-09-14 00:00:00 UTC,42.02736260607653,2521182851.7269197,2865154.240737664
2023-09-15 00:00:00 UTC,42.45092853754753,2548023987.703975,2556757.3825555057
2023-09-16 00:00:00 UTC,42.693362265781914,2562380286.578752,2341057.382460732
2023-09-17 00:00:00 UTC,42.95083300778787,2576757669.1914635,4644949.888031967
2023-09-18 00:00:00 UTC,43.14446833628486,2587788030.7584906,8921396.338184508
2023-09-19 00:00:00 UTC,43.59553818589459,2617117581.9551516,12294912.551712304
2023-09-20 00:00:00 UTC,43.896264810347375,2635003576.284888,8556763.903395696
2023-09-21 00:00:00 UTC,43.47329664507221,2608245685.3339763,10352771.930937458
2023-09-22 00:00:00 UTC,43.0279761693914,2581695057.35459,2944525.898451573
2023-09-23 00:00:00 UTC,42.967397532518994,2578146419.143527,2094732.3750524956
2023-09-24 00:00:00 UTC,42.812814016666096,2567796726.142155,1812110.613549894
2023-09-25 00:00:00 UTC,42.59596352200508,2557135351.0166845,2348915.1885965243
2023-09-26 00:00:00 UTC,42.90166606158884,2574141819.2022934,2549257.3337474703
2023-09-27 00:00:00 UTC,43.02007554494896,2582099832.292007,3247949.7157933684
2023-09-28 00:00:00 UTC,42.91529849892513,2573942165.5188527,2685483.1975803683
2023-09-29 00:00:00 UTC,43.16327638584117,2591110785.971769,3033291.9971513767
2023-09-30 00:00:00 UTC,43.031307481558386,2581759375.405296,2555901.2558169435
2023-10-01 00:00:00 UTC,42.9388452385367,2577186084.141854,1708854.1186045047
2023-10-02 00:00:00 UTC,43.533544100530165,2616242519.7795544,3348120.0284546087
2023-10-03 00:00:00 UTC,42.98812225732492,2580148397.987567,5403024.758656221
2023-10-04 00:00:00 UTC,43.19749818304428,2593217157.325447,2879517.108930047
2023-10-05 00:00:00 UTC,43.03219609893222,2582319381.3008704,1796920.9463917816
2023-10-06 00:00:00 UTC,42.871774184992425,2570786835.676183,1862206.9529022078
2023-10-07 00:00:00 UTC,42.91261272087188,2573880393.4779434,1898752.6558430141
2023-10-08 00:00:00 UTC,42.97650510219285,2574401312.0531554,1404188.1153409446
2023-10-09 00:00:00 UTC,42.86673974158777,2572063317.319609,980646.6163063797
2023-10-10 00:00:00 UTC,42.43375043609495,2546932560.067862,3061450.8220403614
2023-10-11 00:00:00 UTC,43.06706419396233,2584738435.7982426,4033626.133227248
2023-10-12 00:00:00 UTC,42.633472514128904,2558040600.0643926,2358426.625526422
2023-10-13 00:00:00 UTC,42.44237968987697,2547644747.0600185,1821269.0512077857
2023-10-14 00:00:00 UTC,43.27673007099337,2596340742.606899,2607132.9017676013
2023-10-15 00:00:00 UTC,43.507811610145474,2608536959.750195,1992804.1188099086
2023-10-16 00:00:00 UTC,43.236416827129055,2595445510.467516,2038392.2564937365
2023-10-17 00:00:00 UTC,44.06511933623612,2644935615.035311,7531214.608042049
2023-10-18 00:00:00 UTC,46.097095366473404,2755928278.801583,17830441.04846839
2023-10-19 00:00:00 UTC,44.26703116717793,2656009287.9760036,16510000.729294905
2023-10-20 00:00:00 UTC,44.29080614278067,2657210411.1467214,4038449.8402359495
2023-10-21 00:00:00 UTC,43.43791050166349,2607183497.6561184,15919804.686630871
2023-10-22 00:00:00 UTC,43.606490167405674,2617580708.617682,5291925.802114263
2023-10-23 00:00:00 UTC,43.95660012965866,2628239698.433233,5482486.736093608
2023-10-24 00:00:00 UTC,45.005691943405296,2683988408.640968,17059635.63906431
2023-10-25 00:00:00 UTC,46.29759544050386,2779723480.0412827,28434844.419776533
2023-10-26 00:00:00 UTC,45.71294128834002,2740272378.7968802,9003518.953694679
2023-10-27 00:00:00 UTC,45.1813525358328,2710103298.830124,9288332.345842602
2023-10-28 00:00:00 UTC,44.78363604504202,2688399588.67572,5850522.876658232
2023-10-29 00:00:00 UTC,45.0034196437859,2700571838.2066584,2728054.2506792312
2023-10-30 00:00:00 UTC,45.05348697451288,2702735708.7738433,3096120.8537291056
2023-10-31 00:00:00 UTC,45.23914837286535,2713831859.411966,4377247.125610486
2023-11-01 00:00:00 UTC,45.17613113412347,2709245294.865962,3953386.430067817
2023-11-02 00:00:00 UTC,46.162814676777714,2773335078.753189,9126102.681936976
2023-11-03 00:00:00 UTC,45.48966386465623,2732580615.0976615,7094849.911427672
2023-11-04 00:00:00 UTC,45.90519392138075,2755275021.816103,5018035.80119189
2023-11-05 00:00:00 UTC,46.406557322905996,2787660588.8428316,6169542.923928531
2023-11-06 00:00:00 UTC,52.71422443511844,3164014904.067393,39174640.88587347
2023-11-07 00:00:00 UTC,52.78742200437751,3167466753.964158,28309726.983701102
2023-11-08 00:00:00 UTC,52.61388707049773,3154127997.395294,16344000.152213318
2023-11-09 00:00:00 UTC,57.162225019374596,3426743409.173788,27200082.81433928
2023-11-10 00:00:00 UTC,61.30269787534892,3680353995.807375,58044832.41832549
2023-11-11 00:00:00 UTC,62.13785228378758,3724610984.9129934,40954809.6710198
2023-11-12 00:00:00 UTC,61.61405239317536,3693513053.1224303,20266656.375293646
2023-11-13 00:00:00 UTC,60.0171943892556,3593850366.459758,12955280.864495477
2023-11-14 00:00:00 UTC,58.81141152351362,3529917029.6677356,24298806.582699966
2023-11-15 00:00:00 UTC,59.49152130863388,3576382087.7755704,70156746.05959676
2023-11-16 00:00:00 UTC,60.93614296360399,3650596788.1854787,32195057.045511503
2023-11-17 00:00:00 UTC,56.90381122477541,3410513594.739522,32156421.441611778
2023-11-18 00:00:00 UTC,56.3355171966934,3383736262.9575496,16892338.71574253
2023-11-19 00:00:00 UTC,56.98068244530628,3419136755.196861,15425477.413042542
2023-11-20 00:00:00 UTC,58.07879802843859,3489509081.533069,8968584.052593073
2023-11-21 00:00:00 UTC,57.06769178621286,3424396430.8126316,16736362.855790969
2023-11-22 00:00:00 UTC,56.631465731348285,3397124518.218431,29634272.230618346
2023-11-23 00:00:00 UTC,57.967660785744826,3479505164.1030774,33049457.976253837
2023-11-24 00:00:00 UTC,57.960417403078324,3479085629.911468,15763773.94832521
2023-11-25 00:00:00 UTC,57.965927904042665,3477420473.0086236,11842489.274092644
2023-11-26 00:00:00 UTC,58.3703903737736,3502805614.637508,6340124.229126338
2023-11-27 00:00:00 UTC,57.56689670063326,3451543949.663084,7417355.169443399
2023-11-28 00:00:00 UTC,55.95573570142202,3358377492.675677,15227913.17199847
2023-11-29 00:00:00 UTC,56.52792409985134,3390864799.935827,7430375.03128926
2023-11-30 00:00:00 UTC,55.78985255437594,3349572099.5003185,9449449.629197692
2023-12-01 00:00:00 UTC,56.33256191716291,3384281704.645778,4805780.017426669
2023-12-02 00:00:00 UTC,57.71917694830909,3462386679.1124454,10501803.533642134
2023-12-03 00:00:00 UTC,58.44095421213162,3506922451.0297246,10346641.46888572
2023-12-04 00:00:00 UTC,58.28826171063343,3497264469.3334327,11554032.50835813
2023-12-05 00:00:00 UTC,58.981304960045,3538789776.0193734,30585912.08223032
2023-12-06 00:00:00 UTC,58.05689776029886,3486284745.8144646,17686393.185911372
2023-12-07 00:00:00 UTC,56.74631363768587,3406693719.329698,20583929.871571355
2023-12-08 00:00:00 UTC,56.82389158581543,3406798418.960618,31541357.522835743
2023-12-09 00:00:00 UTC,57.45068465035133,3446215610.7253447,13485806.210755862
2023-12-10 00:00:00 UTC,57.277008079497904,3434787666.9966025,18418134.2394592
2023-12-11 00:00:00 UTC,60.3500937289784,3600072090.281756,65504218.43118957
2023-12-12 00:00:00 UTC,58.25256364956906,3492438306.2226167,27961841.16362106
2023-12-13 00:00:00 UTC,58.62475914502004,3517398416.253921,21318950.748723824
2023-12-14 00:00:00 UTC,59.61248648608023,3576563136.162262,37023213.4569944
2023-12-15 00:00:00 UTC,59.19054632354825,3550713140.413809,15781823.165281815
2023-12-16 00:00:00 UTC,57.74871008608624,3472981046.849368,12434229.049550904
2023-12-17 00:00:00 UTC,57.84604488237127,3472224240.402028,10673106.24786225
2023-12-18 00:00:00 UTC,55.44225101308096,3327320566.3814683,9597691.254190246
2023-12-19 00:00:00 UTC,54.56338646770443,3271440944.7883205,17262056.580378935
2023-12-20 00:00:00 UTC,54.90758271313857,3294110262.97274,9329535.718014097
2023-12-21 00:00:00 UTC,55.43253213679529,3325147848.3597565,8302111.823986605
2023-12-22 00:00:00 UTC,55.17360212518389,3309578488.0725665,8409824.816885851
2023-12-23 00:00:00 UTC,55.38016596795705,3323837428.2719054,7785630.620151849
2023-12-24 00:00:00 UTC,55.4396995787925,3328154826.25612,7853889.102896472
2023-12-25 00:00:00 UTC,54.67537332501842,3282778208.3489404,7901908.224473813
2023-12-26 00:00:00 UTC,54.302639601447375,3258774483.4799542,9748101.05138904
2023-12-27 00:00:00 UTC,54.46363188158214,3268564290.3343625,17930566.55175147
2023-12-28 00:00:00 UTC,55.43633406244132,3330868274.5563126,10599503.079352723
2023-12-29 00:00:00 UTC,55.59443183296638,3339337349.7968926,10701160.542007161
2023-12-30 00:00:00 UTC,55.01638785581654,3297399604.8405895,7018623.092505754
2023-12-31 00:00:00 UTC,54.745729395010464,3284255340.4961123,5518541.356538109
2024-01-01 00:00:00 UTC,54.83499260494661,3288037132.568623,4534176.336779905
2024-01-02 00:00:00 UTC,55.83246539046669,3344737994.6923423,5471339.665722456
2024-01-03 00:00:00 UTC,55.562306996898485,3341628254.599005,10257007.330475831
2024-01-04 00:00:00 UTC,54.13352766238066,3250723845.330913,15585597.381603315
2024-01-05 00:00:00 UTC,54.901113318673474,3296088664.7932544,7209499.666370526
2024-01-06 00:00:00 UTC,55.396716212998726,3323920697.4759593,8637685.427391492
2024-01-07 00:00:00 UTC,54.54941768604949,3272603626.6571503,4271511.379782105
2024-01-08 00:00:00 UTC,53.97819815257367,3233977988.2055473,3824957.611975954
2024-01-09 00:00:00 UTC,54.83902926438346,3293672109.4474044,7430967.075172322
2024-01-10 00:00:00 UTC,53.5216584620273,3211133164.285586,7227920.538326011
2024-01-11 00:00:00 UTC,54.98659632005432,3289562983.777503,9887539.194889635
2024-01-12 00:00:00 UTC,54.461574116688,3262979009.223702,17889648.03109914
2024-01-13 00:00:00 UTC,53.42991465058421,3200197417.7942743,10432591.978097111
2024-01-14 00:00:00 UTC,53.966057391362014,3234699579.1838675,6411060.9034035355
2024-01-15 00:00:00 UTC,53.020066781418514,3190835171.801633,4333030.492310836
2024-01-16 00:00:00 UTC,54.066759815364385,3244806520.4603076,7650816.963768591
2024-01-17 00:00:00 UTC,54.60613251475003,3276453213.132006,4529157.256821216
2024-01-18 00:00:00 UTC,54.893126756993446,3294328751.525588,7093021.977500832
2024-01-19 00:00:00 UTC,54.26963866106654,3242240200.84696,4814259.289096174
2024-01-20 00:00:00 UTC,53.10430407659058,3190149755.045568,6155634.8149007335
2024-01-21 00:00:00 UTC,53.619002772101496,3221997087.694869,3298601.738660655
2024-01-22 00:00:00 UTC,53.958508912065064,3239552801.932112,3341003.424291252
2024-01-23 00:00:00 UTC,52.210620285698916,3138252760.3175354,5363965.872261587
2024-01-24 00:00:00 UTC,47.215301528417164,2827109928.558888,100618310.80641556
2024-01-25 00:00:00 UTC,47.586710286669934,2862822407.4654865,15168273.284661602
2024-01-26 00:00:00 UTC,50.09886772928644,3013938451.9242067,17027569.7237065
2024-01-27 00:00:00 UTC,54.30186403250956,3256851745.280586,33279853.195831127
2024-01-28 00:00:00 UTC,53.28586461913456,3195153621.9239254,10826651.069530642
2024-01-29 00:00:00 UTC,52.23918283331699,3140598353.4499555,9824655.018867087
2024-01-30 00:00:00 UTC,52.177838187374235,3130474070.6370335,9110531.2577061
2024-01-31 00:00:00 UTC,52.50782168367124,3147721283.48412,18317965.626242302
2024-02-01 00:00:00 UTC,49.192029175007335,2962581291.582069,13545696.770843886
2024-02-02 00:00:00 UTC,49.07653835464375,2945196387.601791,24096594.83715857
2024-02-03 00:00:00 UTC,48.325485073302474,2900747377.901529,7036344.0537111685
2024-02-04 00:00:00 UTC,48.9215784673942,2933773514.809887,4906049.167427481
2024-02-05 00:00:00 UTC,48.29696260644119,2897168117.394393,4425092.853957121
2024-02-06 00:00:00 UTC,48.33513401791318,2900879794.453931,4638064.712780782
2024-02-07 00:00:00 UTC,48.132539718380556,2888120743.402332,4146594.474218411
2024-02-08 00:00:00 UTC,48.41154321058882,2905143105.1677313,6532386.2052031215
2024-02-09 00:00:00 UTC,49.38701530682241,2966326481.2136173,7912245.458293575
2024-02-10 00:00:00 UTC,49.50770043167084,2969917466.263936,6766638.966030869
2024-02-11 00:00:00 UTC,49.88571256280843,2989951618.115743,5987400.355911498
2024-02-12 00:00:00 UTC,49.73387410644727,2983489177.812171,6189708.484653721
2024-02-13 00:00:00 UTC,49.894795529079104,2993040564.002944,7427515.395769655
2024-02-14 00:00:00 UTC,49.54478219753104,2970164084.914143,8984823.437080998
2024-02-15 00:00:00 UTC,50.276694648164685,3013263437.735875,8657539.19245568
2024-02-16 00:00:00 UTC,50.86228514668791,3048923575.480365,10465126.55584744
2024-02-17 00:00:00 UTC,51.67979451692057,3100787671.015234,18581412.60884242
2024-02-18 00:00:00 UTC,51.73990525659565,3104023323.7172794,8629340.873557387
2024-02-19 00:00:00 UTC,52.346651654789795,3143996995.043746,6897430.436703757
2024-02-20 00:00:00 UTC,53.03001224276964,3180683037.1444464,7943932.63646743
2024-02-21 00:00:00 UTC,50.99528506383108,3060707115.976849,10840963.165428748
2024-02-22 00:00:00 UTC,50.66698649176979,3042556717.635807,9775732.273235362
2024-02-23 00:00:00 UTC,50.79911418807301,3045385479.264659,15213910.40966684
2024-02-24 00:00:00 UTC,50.629660039655775,3051582327.697978,7359376.288132701
2024-02-25 00:00:00 UTC,51.36861786224278,3082383201.730072,5167119.747539084
2024-02-26 00:00:00 UTC,50.2807333064927,3017421018.286664,6835549.644034469
2024-02-27 00:00:00 UTC,51.26742213199876,3075901622.9737906,9606549.942343
2024-02-28 00:00:00 UTC,51.55074030369313,3091849583.537418,12486900.555706566
2024-02-29 00:00:00 UTC,52.354662558578866,3139699315.9077034,17325105.946726277
2024-03-01 00:00:00 UTC,51.84468168408015,3115354325.8336835,15094498.02377557
2024-03-02 00:00:00 UTC,51.85496875807615,3111327918.7719607,10121557.484628743
2024-03-03 00:00:00 UTC,54.51667575610639,3268860163.888961,20554417.69344738
2024-03-04 00:00:00 UTC,58.13020806931344,3478692548.3083344,41866572.901856445
2024-03-05 00:00:00 UTC,56.82705238424866,3407861390.098871,20287939.469978143
2024-03-06 00:00:00 UTC,54.45673441848156,3264833130.9668784,30835426.9950479
2024-03-07 00:00:00 UTC,56.14042775236231,3359025666.394741,16535306.215004962
2024-03-08 00:00:00 UTC,58.565265778817924,3507228836.4823556,15467192.178451847
2024-03-09 00:00:00 UTC,59.81461614672896,3589387925.6522155,22487242.775762264
2024-03-10 00:00:00 UTC,61.56647394727992,3694076793.464338,22901595.047389984
2024-03-11 00:00:00 UTC,67.00612878633856,4025239539.094036,67305646.0130417
2024-03-12 00:00:00 UTC,67.7680744263837,4068340206.053364,43622791.27510761
2024-03-13 00:00:00 UTC,65.84392858462188,3950635715.077313,30138195.342675522
2024-03-14 00:00:00 UTC,72.21923509060358,4326812485.169289,53879154.71311202
2024-03-15 00:00:00 UTC,69.35972215934872,4165493873.669805,40052795.49795084
2024-03-16 00:00:00 UTC,66.11098221454546,3977416973.250441,30565955.911225382
2024-03-17 00:00:00 UTC,64.47371689206986,3872330902.2438803,29375579.859420806
2024-03-18 00:00:00 UTC,64.35086389645197,3859748976.9262495,18717847.382563464
2024-03-19 00:00:00 UTC,64.19163569389413,3852733465.5583916,13090476.510598777
2024-03-20 00:00:00 UTC,56.49236811012075,3395307579.7692294,25728987.148991417
2024-03-21 00:00:00 UTC,60.53910333668731,3634286509.1547556,24172895.533410758
2024-03-22 00:00:00 UTC,59.48274060885361,3569325669.1819835,16002897.557846384
2024-03-23 00:00:00 UTC,58.25265748511878,3489923363.0713944,15032633.200735388
2024-03-24 00:00:00 UTC,60.84868840266487,3657288172.2838144,13217229.26174453
2024-03-25 00:00:00 UTC,63.06858543092885,3782563382.161001,15339821.929455347
2024-03-26 00:00:00 UTC,65.02719280590284,3897066911.7455683,16007587.668058623
2024-03-27 00:00:00 UTC,66.80398777236238,3998441356.607118,16406237.288253412
2024-03-28 00:00:00 UTC,64.53969210660613,3857318346.1074004,18782248.570033573
2024-03-29 00:00:00 UTC,63.87635835476595,3838529989.851893,12222320.912134888
2024-03-30 00:00:00 UTC,63.687155302030696,3811119278.6225605,10718467.32910646
2024-03-31 00:00:00 UTC,63.18092905598586,3789725165.1602015,6832268.145848686
2024-04-01 00:00:00 UTC,63.54336143463439,3812132363.857049,7936870.555755346
2024-04-02 00:00:00 UTC,61.445673812991224,3689142892.1693425,10714927.208716584
2024-04-03 00:00:00 UTC,57.12520905372104,3430501065.1561217,17887483.863617506
2024-04-04 00:00:00 UTC,56.07107258394713,3364967063.469972,11576915.19826773
2024-04-05 00:00:00 UTC,55.94110523946244,3356819568.7719374,11668731.017979475
2024-04-06 00:00:00 UTC,56.36697761424611,3378916188.4938884,9609239.274070386
2024-04-07 00:00:00 UTC,57.66740846962411,3464587677.4862094,10217915.193770813
2024-04-08 00:00:00 UTC,58.11520847023318,3489981692.57934,7464085.795807151
2024-04-09 00:00:00 UTC,59.44870950067492,3567427606.942501,9557239.492383588
2024-04-10 00:00:00 UTC,56.968047470297996,3420152146.937178,8981208.798760127
2024-04-11 00:00:00 UTC,57.519519337441515,3452030824.20631,8726759.860595599
2024-04-12 00:00:00 UTC,56.740873443943904,3402416546.0040026,7492570.441892945
2024-04-13 00:00:00 UTC,53.35897524874215,3195612020.9020176,12215448.717412
2024-04-14 00:00:00 UTC,51.81435064044482,3111760187.7105737,23999518.363681976
2024-04-15 00:00:00 UTC,53.43844454232824,3205349980.451211,16285841.370927516
2024-04-16 00:00:00 UTC,57.43162444710934,3440312165.9081078,29221691.92439181
2024-04-17 00:00:00 UTC,57.23869715888967,3420400741.3529377,50387227.36449278
2024-04-18 00:00:00 UTC,54.85656665206645,3292029063.5588546,22864404.658895053
2024-04-19 00:00:00 UTC,55.32222590348858,3324573163.2043686,12578203.131335625
2024-04-20 00:00:00 UTC,55.10819339462463,3306306899.1784043,16120743.97007513
2024-04-21 00:00:00 UTC,55.98776218861328,3358707238.6203256,9442496.090081764
2024-04-22 00:00:00 UTC,54.95087874365358,3297185850.6130176,8858294.873063443
2024-04-23 00:00:00 UTC,55.1719495520644,3313011571.1201363,8130252.055975789
2024-04-24 00:00:00 UTC,55.32043672097232,3319085760.89444,8378878.975463052
2024-04-25 00:00:00 UTC,54.36809196301558,3262661049.905596,7016432.711071549
2024-04-26 00:00:00 UTC,53.13006978944807,3186832912.3465576,8962641.452513924
2024-04-27 00:00:00 UTC,52.55820820513067,3150272587.0062265,4782374.033944262
2024-04-28 00:00:00 UTC,52.78252341762088,3164653007.5699573,4566037.692855775
2024-04-29 00:00:00 UTC,51.743470951617596,3109589725.621333,6013009.404158943
2024-04-30 00:00:00 UTC,51.67589075927191,3103952617.522191,6373725.642272158
2024-05-01 00:00:00 UTC,50.93890056543395,3035039491.5179696,10167248.963041937
2024-05-02 00:00:00 UTC,48.643959948911714,2926225535.40921,11112770.186950287
2024-05-03 00:00:00 UTC,48.870189410328976,2931176126.666018,7135143.679162333
2024-05-04 00:00:00 UTC,51.452712103952315,3067242985.527367,8695728.294444643
2024-05-05 00:00:00 UTC,51.02260536636788,3057600008.9434075,7512355.240048562
2024-05-06 00:00:00 UTC,51.38006220010313,3079480817.785344,6937768.869055395
2024-05-07 00:00:00 UTC,50.537055759484936,3033196437.82249,8448600.83643637
2024-05-08 00:00:00 UTC,50.02281697361891,3006182763.8637347,5001034.17769989
2024-05-09 00:00:00 UTC,50.29122628271126,3013987390.569627,4260027.580946826
2024-05-10 00:00:00 UTC,50.516466178933484,3035974387.034128,3907214.5587577927
2024-05-11 00:00:00 UTC,49.3553345509,2960327364.3631697,4441391.990517368
2024-05-12 00:00:00 UTC,49.95779375199161,2997409617.54927,2817070.043550826
2024-05-13 00:00:00 UTC,49.72259770220834,2983209025.4063644,2672244.114464623
2024-05-14 00:00:00 UTC,49.5727714358799,2973272970.765936,4018689.6263727844
2024-05-15 00:00:00 UTC,48.76231363876554,2924408232.361411,3215696.7670370713
2024-05-16 00:00:00 UTC,49.654201571398445,2981453887.0154834,6912583.578586332
2024-05-17 00:00:00 UTC,49.56837932911124,2972956517.900615,4791890.486999035
2024-05-18 00:00:00 UTC,50.678580526812176,3034908134.3313384,4778099.181581137
2024-05-19 00:00:00 UTC,50.18204927695396,3010994627.758394,3267572.7807965344
2024-05-20 00:00:00 UTC,49.080933865326614,2941168589.7995534,2804352.1015269496
2024-05-21 00:00:00 UTC,51.10709879140788,3057670889.1187363,6150465.4817807395
2024-05-22 00:00:00 UTC,51.095266240010815,3066020809.7451854,10343907.466069875
2024-05-23 00:00:00 UTC,49.637936170704,2978157094.25906,6683216.40655737
2024-05-24 00:00:00 UTC,49.20715119636021,2951380539.852981,5656132.554302342
2024-05-25 00:00:00 UTC,49.057082333647415,2939556099.69473,5272762.451789432
2024-05-26 00:00:00 UTC,48.90877392461973,2930950223.458567,5682825.002598131
2024-05-27 00:00:00 UTC,48.44905729495048,2908544158.1665835,3747289.9924387806
2024-05-28 00:00:00 UTC,48.02183136767976,2880931991.2152042,7010796.76419541
2024-05-29 00:00:00 UTC,46.95188597508119,2817712603.882354,6672756.507253953
2024-05-30 00:00:00 UTC,45.54178109705423,2733139349.932287,7612181.193635365
2024-05-31 00:00:00 UTC,45.903602274745005,2754142964.9409456,8488610.744683577
2024-06-01 00:00:00 UTC,46.97030329884121,2823211613.696045,6594181.058941208
2024-06-02 00:00:00 UTC,48.047887040754226,2881902560.553072,6632076.947938566
2024-06-03 00:00:00 UTC,47.028287153305406,2823695014.913087,3914443.477085335
2024-06-04 00:00:00 UTC,46.563382266473084,2793859064.5320287,3127345.5571918613
2024-06-05 00:00:00 UTC,48.31764231717985,2896384353.5032835,3615079.8839202616
2024-06-06 00:00:00 UTC,48.61570429465544,2916747766.078188,11186015.012914676
2024-06-07 00:00:00 UTC,48.78760373834012,2926020931.062582,6189013.0543676
2024-06-08 00:00:00 UTC,48.21771687225524,2895001152.9308615,11469726.02440183
2024-06-09 00:00:00 UTC,47.52199302157243,2852631170.0768275,5505177.906383026
2024-06-10 00:00:00 UTC,47.134957650544806,2826837392.001192,5364863.480283772
2024-06-11 00:00:00 UTC,46.88258602136572,2815057500.46832,5577329.6322033005
2024-06-12 00:00:00 UTC,45.453383897501396,2727279182.5058527,8379513.447688858
2024-06-13 00:00:00 UTC,46.23806928812876,2773802736.162642,10806857.654291421
2024-06-14 00:00:00 UTC,46.306388160914494,2781960156.075176,10199118.808890874
2024-06-15 00:00:00 UTC,45.16538782992807,2709553046.311353,6336846.133846147
2024-06-16 00:00:00 UTC,46.159922389116524,2768611084.5198026,3069878.6833445826
2024-06-17 00:00:00 UTC,46.22895952719187,2774186413.745496,2930829.6842154725
2024-06-18 00:00:00 UTC,45.439063754548805,2726684062.3926497,5208257.449391915
2024-06-19 00:00:00 UTC,42.65683783396695,2552862196.3096037,11481729.743773108
2024-06-20 00:00:00 UTC,42.665987395567164,2558690131.0199666,4481875.064477023
2024-06-21 00:00:00 UTC,42.84593991289834,2572917901.728814,3974812.831480463
2024-06-22 00:00:00 UTC,41.61555530997906,2497000915.2618985,5709046.234909278
2024-06-23 00:00:00 UTC,41.56897620414589,2500765754.595077,1791342.1339961046
2024-06-24 00:00:00 UTC,41.091893351602096,2468445180.5198545,2885453.905201112
2024-06-25 00:00:00 UTC,40.93070794236038,2458544826.116987,7854010.71982357
2024-06-26 00:00:00 UTC,41.68702709884553,2504393831.352413,4864889.865332242
2024-06-27 00:00:00 UTC,41.491434992670996,2490356920.7379193,3486491.4857084914
2024-06-28 00:00:00 UTC,42.30702733682799,2538684949.261104,3675058.9841055535
2024-06-29 00:00:00 UTC,41.32945221224597,2480575629.14732,3513108.492482389
2024-06-30 00:00:00 UTC,42.27338687579131,2536808712.3390613,2182491.3663944756
2024-07-01 00:00:00 UTC,42.891672199029074,2567055865.1084585,3110349.6780331535
2024-07-02 00:00:00 UTC,42.30299671758102,2536931649.949229,4371758.252438116
2024-07-03 00:00:00 UTC,42.730566337950904,2563717021.807638,3092610.719471324
2024-07-04 00:00:00 UTC,41.746066255181525,2503319894.264028,9106753.46003052
2024-07-05 00:00:00 UTC,39.757464541783825,2396435936.3272114,7012632.210615005
2024-07-06 00:00:00 UTC,36.38166407891984,2181813268.8268986,22825312.8156042
2024-07-07 00:00:00 UTC,37.85036462582772,2269644981.313061,4467196.045273027
2024-07-08 00:00:00 UTC,36.9193787031461,2212801596.411076,3003665.292175484
2024-07-09 00:00:00 UTC,36.36005089566044,2181880424.254579,5009684.492161922
2024-07-10 00:00:00 UTC,36.787648696713674,2206485404.367769,2954424.9602827504
2024-07-11 00:00:00 UTC,36.72271631684639,2205489485.001261,3488688.455750404
2024-07-12 00:00:00 UTC,36.44312641166585,2185017849.086268,3756049.743657009
2024-07-13 00:00:00 UTC,37.84103661351999,2270443803.0524783,3574455.466908322
2024-07-14 00:00:00 UTC,39.16520450791975,2349231588.3617597,4784983.603251549
2024-07-15 00:00:00 UTC,40.12451380759646,2407556896.6773577,5216652.799509566
2024-07-16 00:00:00 UTC,41.93568459749291,2529820699.441618,7639574.765022963
2024-07-17 00:00:00 UTC,42.80931385787205,2566924305.449773,9772273.115148714
2024-07-18 00:00:00 UTC,42.559257128364514,2554178408.875603,5278456.043919493
2024-07-19 00:00:00 UTC,43.05902880153961,2581998053.555688,4213768.852700053
2024-07-20 00:00:00 UTC,43.36251154620918,2602914185.778907,4946006.687317594
2024-07-21 00:00:00 UTC,42.976025650408296,2579134570.4412947,3823696.205406273
2024-07-22 00:00:00 UTC,42.61437399762926,2555519391.605554,3893234.750414291
2024-07-23 00:00:00 UTC,41.20882079856995,2472063419.5961976,4230543.923678962
2024-07-24 00:00:00 UTC,40.076997419183265,2404841816.370213,4421155.74678829
2024-07-25 00:00:00 UTC,39.87989176079786,2392362718.677479,4632467.767628752
2024-07-26 00:00:00 UTC,39.854909414967516,2391632770.3393,5561393.371325822
2024-07-27 00:00:00 UTC,41.00627680932769,2460274544.6858215,3479616.4082068685
2024-07-28 00:00:00 UTC,41.09676556312677,2465785856.679622,3997440.9827734157
2024-07-29 00:00:00 UTC,40.63430296732245,2438058178.039347,2560422.0144261615
2024-07-30 00:00:00 UTC,40.34258773187757,2422202815.6273966,5136743.27417878
2024-07-31 00:00:00 UTC,40.18698746561198,2411704116.017381,3427157.358964876
2024-08-01 00:00:00 UTC,39.38163260000757,2362304665.495471,3661628.4739843733
2024-08-02 00:00:00 UTC,39.084808692517534,2345232855.62839,5471230.959124139
2024-08-03 00:00:00 UTC,36.90542425790003,2216205086.45454,4560756.861713906
2024-08-04 00:00:00 UTC,37.59623152923958,2255384578.250689,5260890.663861828
2024-08-05 00:00:00 UTC,35.04391163495121,2108304513.5906603,4920928.14735872
2024-08-06 00:00:00 UTC,32.62340874290343,1959659425.3202617,18064270.547755327
2024-08-07 00:00:00 UTC,33.74430922771991,2025368185.3358016,7039070.997155391
2024-08-08 00:00:00 UTC,33.49040380653425,2008942809.5244775,6286901.434143758
2024-08-09 00:00:00 UTC,36.20861141072041,2174935487.593911,6249758.942000933
2024-08-10 00:00:00 UTC,36.33394851149341,2178573556.8280034,4655944.817149762
2024-08-11 00:00:00 UTC,36.340470855684956,2181348471.963252,3202229.9509265334
2024-08-12 00:00:00 UTC,35.78925064927923,2146176129.7974102,4616854.691557465
2024-08-13 00:00:00 UTC,36.950036091981964,2217345783.8345003,4404587.420447368
2024-08-14 00:00:00 UTC,36.973638204536634,2218465115.196084,3681580.695179139
2024-08-15 00:00:00 UTC,36.789850805791104,2205948446.679475,4247423.180380003
2024-08-16 00:00:00 UTC,36.085050322841965,2164035500.9604077,4651966.1604801575
2024-08-17 00:00:00 UTC,36.482889504681324,2188571742.734592,3609966.8550732
2024-08-18 00:00:00 UTC,37.23323513425568,2234576913.144976,2853968.5219421466
2024-08-19 00:00:00 UTC,36.875287732241105,2218372111.6288753,2978325.1341975625
2024-08-20 00:00:00 UTC,37.29356219779981,2236582326.154591,3244901.6841744725
2024-08-21 00:00:00 UTC,37.37198223364038,2242318934.0184226,4002889.250944572
2024-08-22 00:00:00 UTC,37.7864764092033,2266461002.049909,2851980.831397595
2024-08-23 00:00:00 UTC,38.48836031273633,2308778722.537939,2903102.789423962
2024-08-24 00:00:00 UTC,39.07114804116675,2336908350.04795,6015760.035266387
2024-08-25 00:00:00 UTC,39.66235143758391,2376550961.315291,5108730.864246971
2024-08-26 00:00:00 UTC,39.05871672302585,2344438961.3140774,3151471.5324651673
2024-08-27 00:00:00 UTC,38.23050771003281,2293746309.298171,3535042.089008796
2024-08-28 00:00:00 UTC,36.78195732870776,2206917439.7224655,3566946.9360594726
2024-08-29 00:00:00 UTC,36.44949328783815,2189650019.628248,3202979.4369124537
2024-08-30 00:00:00 UTC,36.995578661274756,2220362846.7212358,2561211.7180382586
2024-08-31 00:00:00 UTC,36.7658690074393,2205353568.7320056,2832281.925603353
2024-09-01 00:00:00 UTC,37.034632778792364,2224304326.55507,2221773.5447279513
2024-09-02 00:00:00 UTC,36.18901851066099,2173205812.2118564,2566670.4244349324
2024-09-03 00:00:00 UTC,36.7156914124047,2203349075.099876,3411547.1695494526
2024-09-04 00:00:00 UTC,36.18278662486048,2171180971.491496,2734480.9276547437
2024-09-05 00:00:00 UTC,36.76317266550345,2207041318.765537,3227398.9555425616
2024-09-06 00:00:00 UTC,36.2480674972685,2175231508.564715,3324302.823080048
2024-09-07 00:00:00 UTC,35.91196408686585,2154717845.211951,4693976.448951266
2024-09-08 00:00:00 UTC,35.72402562036485,2143038861.2758873,3076437.887708689
2024-09-09 00:00:00 UTC,36.24195234806698,2174022812.442798,2481779.515308685
2024-09-10 00:00:00 UTC,37.54830276121679,2253866600.098871,3204927.989236872
2024-09-11 00:00:00 UTC,38.89938580312064,2333775059.966054,3848261.61534826
2024-09-12 00:00:00 UTC,39.2108830777499,2352582341.2066274,4142603.207834844
2024-09-13 00:00:00 UTC,39.43229303575131,2366738970.2090807,2974763.255447697
2024-09-14 00:00:00 UTC,40.163474141727704,2409714150.6189256,4001866.4557236023
2024-09-15 00:00:00 UTC,39.40252120404363,2361512875.4390635,2210272.8795531373
2024-09-16 00:00:00 UTC,38.530526999499536,2311831619.9699726,2895707.2331549563
2024-09-17 00:00:00 UTC,38.48791257780073,2309274754.6680436,2948917.1307337307
2024-09-18 00:00:00 UTC,38.11948779570184,2288034392.8939514,5645223.285745611
2024-09-19 00:00:00 UTC,38.41314934884742,2302178786.668207,2921641.5471515534
2024-09-20 00:00:00 UTC,40.36088104161603,2420701889.4053316,12396761.333019791
2024-09-21 00:00:00 UTC,39.337144668375366,2360412254.8731546,5298352.82148306
2024-09-22 00:00:00 UTC,39.67268902330254,2379982345.8832374,2311105.508194346
2024-09-23 00:00:00 UTC,40.09140633637668,2404024553.031173,3874643.1019329536
2024-09-24 00:00:00 UTC,40.109959772267004,2406885946.3833394,2441554.868679472
2024-09-25 00:00:00 UTC,40.13297411561976,2407966589.029019,2963074.504125212
2024-09-26 00:00:00 UTC,39.5481303806541,2373555812.958937,3793424.6003035367
2024-09-27 00:00:00 UTC,42.28956010255998,2538343228.379531,9097167.116136082
2024-09-28 00:00:00 UTC,42.51293127140184,2550467921.1991878,5571593.528406362
2024-09-29 00:00:00 UTC,42.89976832079316,2575568750.938156,2300806.543477421
2024-09-30 00:00:00 UTC,42.84450856885813,2570339274.46914,2505413.6844179654
2024-10-01 00:00:00 UTC,41.43978761000389,2483232619.783569,3598371.386590796
2024-10-02 00:00:00 UTC,39.8244522120219,2393253083.336381,4538623.583466786
2024-10-03 00:00:00 UTC,40.17217293261131,2410273943.3106785,3054202.447941562
2024-10-04 00:00:00 UTC,40.73050945110321,2441245414.5900836,2963023.7726195203
2024-10-05 00:00:00 UTC,41.76773517314476,2506100548.809918,3476327.549406079
2024-10-06 00:00:00 UTC,41.54707997533937,2492641441.639854,1695297.6193686323
2024-10-07 00:00:00 UTC,41.64924589516448,2498975534.759377,1587740.590642042
2024-10-08 00:00:00 UTC,41.786706736653926,2507430194.7086334,3122291.9527770486
2024-10-09 00:00:00 UTC,42.84241389404286,2570544833.6425714,3754672.663019068
2024-10-10 00:00:00 UTC,40.89324904218477,2454237624.2808137,4623976.8171719415
2024-10-11 00:00:00 UTC,41.61183561622726,2497143170.08639,3600356.7229866763
2024-10-12 00:00:00 UTC,42.3256638180808,2539267392.859016,3145060.161715116
2024-10-13 00:00:00 UTC,42.08172145619941,2524628476.42171,4423537.048200387
2024-10-14 00:00:00 UTC,41.588267692288476,2494947239.456136,2292269.80874421
2024-10-15 00:00:00 UTC,42.23895316335175,2536044330.068174,3951043.8410984077
2024-10-16 00:00:00 UTC,41.447341369560036,2486618112.8052697,4482190.470385858
2024-10-17 00:00:00 UTC,41.14791434199323,2467623784.704144,4231782.990103308
2024-10-18 00:00:00 UTC,40.63821098463714,2436902774.3443494,2688611.175935311
2024-10-19 00:00:00 UTC,40.42379426073967,2425587707.2518954,4061318.328037554
2024-10-20 00:00:00 UTC,40.49947210579278,2429720323.835872,2303469.9662511763
2024-10-21 00:00:00 UTC,40.810749916871856,2448644995.0123115,3789392.2834299295
2024-10-22 00:00:00 UTC,40.269342307840255,2416460515.794307,3534525.5973867574
2024-10-23 00:00:00 UTC,40.1419006803967,2409527207.6613054,2768130.585185731
2024-10-24 00:00:00 UTC,39.41231851433011,2364709286.202222,2705157.7530802493
2024-10-25 00:00:00 UTC,39.92565354974059,2396308986.210083,2165752.2205031593
2024-10-26 00:00:00 UTC,39.06837140006001,2339932740.0571003,3532995.4218023284
2024-10-27 00:00:00 UTC,38.832629497072425,2329853242.5959797,2560418.5645804587
2024-10-28 00:00:00 UTC,38.85282841274726,2330847931.0026894,2156441.977972293
2024-10-29 00:00:00 UTC,39.017542411227495,2340833741.204294,3343618.393865852
2024-10-30 00:00:00 UTC,39.486173130404886,2365564844.1092615,7376354.278017923
2024-10-31 00:00:00 UTC,39.25219365043852,2356180254.2514772,3390771.39990104
2024-11-01 00:00:00 UTC,38.20630730407355,2295556919.9513173,4484016.060059056
2024-11-02 00:00:00 UTC,38.072996615872015,2284451367.064126,3791291.315418469
2024-11-03 00:00:00 UTC,37.86428858883382,2271984965.6030107,2042339.6584052155
2024-11-04 00:00:00 UTC,37.422488664205716,2246537911.641486,3120491.169281471
2024-11-05 00:00:00 UTC,37.28983325391019,2236831690.2380996,2704091.118748764
2024-11-06 00:00:00 UTC,37.986786942398346,2278946162.58968,3156026.809832014
2024-11-07 00:00:00 UTC,39.237542024165286,2356063983.621671,10745979.476690507
2024-11-08 00:00:00 UTC,40.41254903139136,2425332103.6953583,8879695.125972217
2024-11-09 00:00:00 UTC,39.87875533329754,2392089080.486054,7044537.073058999
2024-11-10 00:00:00 UTC,42.08305574769573,2521579117.425772,14872454.405228427
2024-11-11 00:00:00 UTC,42.83218448500612,2570205734.8000016,22748937.939456675
2024-11-12 00:00:00 UTC,48.057206861011615,2885653637.758356,29209763.627622712
2024-11-13 00:00:00 UTC,45.31136290758474,2718276019.309197,20620095.812258083
2024-11-14 00:00:00 UTC,43.65678199246291,2621152531.165504,17163447.497306135
2024-11-15 00:00:00 UTC,43.38573802346073,2603144281.407644,13011458.117494216
2024-11-16 00:00:00 UTC,43.84782701560231,2627979554.0369225,7446403.4900870025
2024-11-17 00:00:00 UTC,45.30432450838546,2715899104.209626,18108362.800018262
2024-11-18 00:00:00 UTC,44.37629898152372,2662580946.3963223,10392715.535323331
2024-11-19 00:00:00 UTC,43.98392345740454,2638592290.060392,10113611.711277656
2024-11-20 00:00:00 UTC,44.009766122627646,2640585967.357659,5739032.586038459
2024-11-21 00:00:00 UTC,43.57889604357588,2612832063.786975,6291299.310513665
2024-11-22 00:00:00 UTC,45.59148773839252,2734124039.770828,13281305.533257661
2024-11-23 00:00:00 UTC,46.31499435648577,2778513805.9625974,17030913.482333012
2024-11-24 00:00:00 UTC,51.20696521559994,3066625739.65383,42452048.74331284
2024-11-25 00:00:00 UTC,54.06687085672845,3244002699.6911087,45894143.16751293
2024-11-26 00:00:00 UTC,52.75126245750758,3165172057.1918936,23737165.732121795
2024-11-27 00:00:00 UTC,51.96456429359691,3119015866.59568,24786751.858228542
2024-11-28 00:00:00 UTC,54.99867830720426,3299408015.604231,15001134.907094369
2024-11-29 00:00:00 UTC,53.383102500264464,3200200967.505797,11698076.2904545
2024-11-30 00:00:00 UTC,54.168252785860965,3241634393.858731,17617191.17004291
2024-12-01 00:00:00 UTC,54.04222965660922,3243449224.1961775,13010597.738701526
2024-12-02 00:00:00 UTC,55.12400387575192,3306771319.332833,13390052.787147606
2024-12-03 00:00:00 UTC,54.28272624196086,3255161093.5597787,19370741.221610323
2024-12-04 00:00:00 UTC,63.09512001672528,3786050709.748902,40081401.89249415
2024-12-05 00:00:00 UTC,58.15513878254121,3492275773.6425643,58871748.2444298
2024-12-06 00:00:00 UTC,56.94169303748998,3414629222.5217404,40092673.98682078
2024-12-07 00:00:00 UTC,59.68779416648639,3579884913.8472276,30631272.27598403
2024-12-08 00:00:00 UTC,60.02479905809729,3601487943.4858375,15289318.439546006
2024-12-09 00:00:00 UTC,60.086178885386374,3602060565.5372005,9342153.00914805
2024-12-10 00:00:00 UTC,54.51328331837345,3270796999.102407,25618750.185052138
2024-12-11 00:00:00 UTC,52.84266972355168,3168980485.9577584,28776840.293325536
2024-12-12 00:00:00 UTC,55.162919184394056,3306367462.0938354,12387515.394614933
2024-12-13 00:00:00 UTC,55.08436892171451,3307754448.5711446,14565789.837939577
2024-12-14 00:00:00 UTC,55.03481764173816,3302610241.4371405,10956297.275372678
2024-12-15 00:00:00 UTC,53.323579072657516,3198677067.956486,7636274.325883525
2024-12-16 00:00:00 UTC,54.468231909889944,3274060630.325603,6686512.768060313
2024-12-17 00:00:00 UTC,53.684829404398975,3222566175.5534654,11529817.012557901
2024-12-18 00:00:00 UTC,52.691396315537574,3161362147.9072676,18886105.33971709
2024-12-19 00:00:00 UTC,48.658397328020506,2920483347.837162,15326105.897639642
2024-12-20 00:00:00 UTC,45.79670683604717,2749575093.310628,24293121.61254292
2024-12-21 00:00:00 UTC,46.02866473061772,2759540334.01011,20092662.60455196
2024-12-22 00:00:00 UTC,45.071828976849375,2702189005.959985,8883536.03850995
2024-12-23 00:00:00 UTC,44.82153637969028,2689292182.781417,6029656.169984341
2024-12-24 00:00:00 UTC,46.10846493405656,2766907961.6391425,7255742.376361178
2024-12-25 00:00:00 UTC,47.36608812130527,2842618271.601367,8808621.388028922
2024-12-26 00:00:00 UTC,47.774428703709205,2864441216.6738753,5718450.498029297
2024-12-27 00:00:00 UTC,50.12460963142954,3007476577.885772,48321373.57330768
2024-12-28 00:00:00 UTC,52.1117107706444,3127446823.223917,24139781.0276195
2024-12-29 00:00:00 UTC,53.333940254762375,3191066985.8187847,21518565.95529408
2024-12-30 00:00:00 UTC,49.90446008350662,2984865241.5173516,12931275.563264675
2024-12-31 00:00:00 UTC,49.862332704989505,2991972660.9133234,10368119.906811621
2025-01-01 00:00:00 UTC,49.11527697039254,2946890379.7729278,8521578.504333049
2025-01-02 00:00:00 UTC,48.308892396273855,2898089312.5121417,7789606.902540311
2025-01-03 00:00:00 UTC,49.75939089677583,2987733149.9913473,9193562.933442269
2025-01-04 00:00:00 UTC,50.66234032981468,3040030636.130655,8832833.15336459
2025-01-05 00:00:00 UTC,50.857595947940695,3052724291.6615686,7151318.725951933
2025-01-06 00:00:00 UTC,50.267865858985814,3017732330.300762,5174433.280004826
2025-01-07 00:00:00 UTC,50.62781378001412,3036213243.035272,7682460.877999149
2025-01-08 00:00:00 UTC,48.55805272568762,2913432522.1635647,10806760.850826405
2025-01-09 00:00:00 UTC,46.776015986215015,2806883204.514367,11006072.240388284
2025-01-10 00:00:00 UTC,46.73853373078497,2807722770.9892087,7470626.042026415
2025-01-11 00:00:00 UTC,47.98662312604588,2881947657.1077833,6704424.326276683
2025-01-12 00:00:00 UTC,47.61535383049353,2858254115.0367823,2731201.4169519995
2025-01-13 00:00:00 UTC,47.86429173975329,2871774219.8851876,2816663.234129991
2025-01-14 00:00:00 UTC,46.85723755459038,2811497798.2294874,10094238.478047526
2025-01-15 00:00:00 UTC,49.56857450244018,2973872105.865808,9085742.428915074
2025-01-16 00:00:00 UTC,51.21953242816042,3070822409.704952,9145617.456510305
2025-01-17 00:00:00 UTC,49.36872581148605,2959541617.843338,8961567.144081324
2025-01-18 00:00:00 UTC,58.49974341465606,3508081489.7001414,121662668.84171034
2025-01-19 00:00:00 UTC,57.912155754588966,3473406480.6020784,32766912.94520848
2025-01-20 00:00:00 UTC,56.217720371799935,3379911515.94801,39671292.99659699
2025-01-21 00:00:00 UTC,58.09721837101981,3488177400.9006443,68630433.77874789
2025-01-22 00:00:00 UTC,58.6677602634051,3514141979.5195813,26791906.893483154
2025-01-23 00:00:00 UTC,55.476577774876375,3330097903.2508016,16785612.12420205
2025-01-24 00:00:00 UTC,53.88262015566293,3232937058.965373,30600794.132499143
2025-01-25 00:00:00 UTC,55.299344429388555,3317348630.152693,15943197.970462652
2025-01-26 00:00:00 UTC,55.267176506475735,3316232775.6123314,13353888.547141435
2025-01-27 00:00:00 UTC,54.13371767523413,3255853154.921309,4533460.033694167
2025-01-28 00:00:00 UTC,53.694759177679224,3221984838.578048,18278335.079365928
2025-01-29 00:00:00 UTC,53.27668976387421,3202865991.469416,8392985.655803487
2025-01-30 00:00:00 UTC,54.52503771015632,3275858139.143265,11308445.65352794
2025-01-31 00:00:00 UTC,56.200868414699315,3372316128.359931,9509370.100518009
2025-02-01 00:00:00 UTC,52.83153622327726,3170821397.9011703,7623576.479156125
2025-02-02 00:00:00 UTC,51.308036378763894,3085511321.691714,6189783.24494962
2025-02-03 00:00:00 UTC,48.427780309952226,2901210590.2852573,13220248.553253451
2025-02-04 00:00:00 UTC,49.76582216004516,2988844508.6345024,24827208.107730668
2025-02-05 00:00:00 UTC,47.06399759727298,2822338077.8124733,11608907.840465536
2025-02-06 00:00:00 UTC,47.00138984250958,2820514071.7899313,6095880.096004464
2025-02-07 00:00:00 UTC,44.83211970582605,2687830855.7714844,6679789.001856471
2025-02-08 00:00:00 UTC,46.281534772232355,2777634003.98011,8865372.714654049
2025-02-09 00:00:00 UTC,47.87192929842969,2871297094.5283084,5461628.1136717005
2025-02-10 00:00:00 UTC,47.47059260105201,2848235568.978654,9240270.986606799
2025-02-11 00:00:00 UTC,48.77390574818711,2927758733.379075,7256182.1589751225
2025-02-12 00:00:00 UTC,50.65361027533482,3039380706.248125,13031789.15773722
2025-02-13 00:00:00 UTC,51.857437698253946,3109919783.625732,10369215.244148295
2025-02-14 00:00:00 UTC,51.357478052021285,3081395577.0758004,8768161.280226024
2025-02-15 00:00:00 UTC,51.80828161541975,3103396041.271023,5769013.237888652
2025-02-16 00:00:00 UTC,52.02222969948745,3120687343.0584736,3007227.56496703
2025-02-17 00:00:00 UTC,51.61031530655494,3095746748.5372524,2922983.3557313024
2025-02-18 00:00:00 UTC,50.47655558378581,3028599651.282381,5866583.981415788
2025-02-19 00:00:00 UTC,49.29688572932105,2954489197.429366,5581289.974223393
2025-02-20 00:00:00 UTC,49.85075601286726,2991197305.819616,3916047.0218248917
2025-02-21 00:00:00 UTC,49.434382493917774,2965071956.656734,5619684.469082006
2025-02-22 00:00:00 UTC,48.86819709030398,2931879826.2959414,10230097.922816342
2025-02-23 00:00:00 UTC,49.47179045345962,2967741171.335969,2767843.664650357
2025-02-24 00:00:00 UTC,49.424138658699555,2966028813.298629,3508355.092056077
2025-02-25 00:00:00 UTC,46.30431170028463,2778398331.8026795,8094441.634941552
2025-02-26 00:00:00 UTC,46.16200094123827,2771691245.60453,17318722.844628625
2025-02-27 00:00:00 UTC,44.803512320141664,2686922857.2312026,9987587.665519964
2025-02-28 00:00:00 UTC,46.280493659277305,2776613249.9819508,8308117.669371843
2025-03-01 00:00:00 UTC,45.032346799529286,2701877956.240591,16016507.198083254
2025-03-02 00:00:00 UTC,45.474595442198535,2730068220.059551,6573994.916394474
2025-03-03 00:00:00 UTC,48.410629552053926,2904697487.4635987,14938687.341965564
2025-03-04 00:00:00 UTC,43.78911766674594,2631335072.14189,20450423.79861325
2025-03-05 00:00:00 UTC,42.658580469522384,2558845423.596981,27493000.31086513
2025-03-06 00:00:00 UTC,43.70041360705979,2622185476.6956234,7697158.879734803
2025-03-07 00:00:00 UTC,43.13827447645986,2587225801.2894354,7107456.567120649
2025-03-08 00:00:00 UTC,43.55600788727202,2613838251.5557594,9049040.371678578
2025-03-09 00:00:00 UTC,43.914042722375875,2635452380.680158,3476845.5623426293
2025-03-10 00:00:00 UTC,41.05324404491851,2458258769.9191766,6015706.966801506
2025-03-11 00:00:00 UTC,40.844588758145,2447286095.270309,27624831.657658037
2025-03-12 00:00:00 UTC,41.41601053607875,2485761256.508413,28382231.25025958
2025-03-13 00:00:00 UTC,41.576958886593204,2491576982.1580367,5393790.077528473
2025-03-14 00:00:00 UTC,41.40929578720469,2482282064.8422856,9624149.137806414
2025-03-15 00:00:00 UTC,46.112623157337936,2766713140.736396,15764344.131358292
2025-03-16 00:00:00 UTC,46.579238268984405,2795740319.455784,9090012.541921029
2025-03-17 00:00:00 UTC,48.04835844315885,2881393565.029063,14488254.057959069
2025-03-18 00:00:00 UTC,50.955884410729695,3056182198.510495,14918829.732894568
2025-03-19 00:00:00 UTC,53.133167372435956,3188460085.0980906,23711324.074670974
2025-03-20 00:00:00 UTC,53.133841273554985,3187135787.1993155,19396441.247563023
2025-03-21 00:00:00 UTC,51.7871641076624,3106988964.8204017,10904131.422364559
2025-03-22 00:00:00 UTC,52.13714936022932,3131186890.551237,7240491.3558510905
2025-03-23 00:00:00 UTC,51.732069331621744,3104466998.174741,5310496.489965307
2025-03-24 00:00:00 UTC,50.45284884271584,3030456205.333388,7879954.890677164
2025-03-25 00:00:00 UTC,50.740413535884464,3042760912.483623,10361182.933374356
2025-03-26 00:00:00 UTC,50.95989024901056,3056071968.4118824,8323947.8101924
2025-03-27 00:00:00 UTC,50.16864781794007,3007670747.844673,7004577.975833699
2025-03-28 00:00:00 UTC,49.987246687427984,2998858266.079894,4659867.648668724
2025-03-29 00:00:00 UTC,49.19180011049884,2950596915.396165,9795378.824205589
2025-03-30 00:00:00 UTC,48.256307628741254,2890369490.7466,5138881.466812906
2025-03-31 00:00:00 UTC,48.356469714293304,2899509374.964987,3662269.6369261113
2025-04-01 00:00:00 UTC,47.96715594853594,2875904406.6579623,7534949.535679717
2025-04-02 00:00:00 UTC,48.33516514303111,2900635380.2274055,7505376.577876558
2025-04-03 00:00:00 UTC,47.30551013074763,2838170138.8290234,8884910.907937093
2025-04-04 00:00:00 UTC,46.277844020039126,2782675099.8892903,12295365.789829794
2025-04-05 00:00:00 UTC,49.081707449676244,2944833797.1111217,12518300.70723843
2025-04-06 00:00:00 UTC,52.068914106144184,3119007957.5528994,19067237.9048564
2025-04-07 00:00:00 UTC,52.1699388739244,3124225106.8578534,58707571.50344165
2025-04-08 00:00:00 UTC,51.06209725908157,3074502311.2516284,49458304.5325749
2025-04-09 00:00:00 UTC,50.81408722839062,3045067707.0941305,27041377.761603523
2025-04-10 00:00:00 UTC,52.92908874634269,3188751566.8702345,25950093.433340564
2025-04-11 00:00:00 UTC,52.98119810055547,3185303750.4544134,18625276.29471466
2025-04-12 00:00:00 UTC,53.31939867458211,3199331967.5832,13998152.481130779
2025-04-13 00:00:00 UTC,53.680934063973154,3220856043.838389,9111277.716888998
2025-04-14 00:00:00 UTC,52.9101383769525,3174284992.2277007,12977527.002944253
2025-04-15 00:00:00 UTC,52.153146501665226,3130252983.2886896,8662396.132129623
2025-04-16 00:00:00 UTC,52.26605610985687,3135963366.591412,12281500.1590431
2025-04-17 00:00:00 UTC,51.40058748469196,3081269732.313875,6823791.978628909
2025-04-18 00:00:00 UTC,50.64751325526747,3051074258.467119,6018469.323540075
2025-04-19 00:00:00 UTC,50.25656639467058,3015369627.8329544,5972999.957420402
2025-04-20 00:00:00 UTC,50.833356767470185,3050066758.3746824,5111448.360347267
2025-04-21 00:00:00 UTC,50.24824960263469,3015567153.7382812,3543678.7092122403
2025-04-22 00:00:00 UTC,50.999379061290405,3059033707.402617,8155445.362373769
2025-04-23 00:00:00 UTC,52.432042264055475,3146627259.590717,13921013.726004736
2025-04-24 00:00:00 UTC,51.83165239869688,3110617018.7976356,8928354.397687554
2025-04-25 00:00:00 UTC,51.48467647639208,3089152517.40513,4637418.009543099
2025-04-26 00:00:00 UTC,52.857663210873845,3171449053.8768115,11006567.412506359
2025-04-27 00:00:00 UTC,52.91655803023924,3174256373.4653406,7652320.7070285715
2025-04-28 00:00:00 UTC,51.95042221265482,3117018221.949006,4536578.5137481345
2025-04-29 00:00:00 UTC,52.01782507785684,3121292281.363865,5927521.988758405
2025-04-30 00:00:00 UTC,51.54720160438355,3092117487.9064884,4262998.996662359
2025-05-01 00:00:00 UTC,51.23409260603833,3073815829.0400743,7579223.835414948
2025-05-02 00:00:00 UTC,51.48400765276682,3089040459.1660094,5756044.748923157
2025-05-03 00:00:00 UTC,51.48991311570521,3089337169.438627,4416837.239017557
2025-05-04 00:00:00 UTC,51.22080107718159,3072917261.7492847,2754060.358893917
2025-05-05 00:00:00 UTC,51.121355925535156,3068768308.3753657,3142135.5018559652
2025-05-06 00:00:00 UTC,50.86921578823935,3052170295.7523823,5447175.753696006
2025-05-07 00:00:00 UTC,50.993227686290815,3059525557.292806,4733845.080953739
2025-05-08 00:00:00 UTC,50.69271343484865,3041697104.484108,5710351.116579548
2025-05-09 00:00:00 UTC,52.73970179470697,3164382107.6824183,15061284.343756512
2025-05-10 00:00:00 UTC,54.95126443219207,3289825724.7841,24053028.196367644
2025-05-11 00:00:00 UTC,55.70923940812656,3343954111.7974896,14210545.345591925
2025-05-12 00:00:00 UTC,55.023108341847234,3302144670.765109,8855187.162451029
2025-05-13 00:00:00 UTC,54.303886101628095,3254581923.5310245,12057845.711723559
2025-05-14 00:00:00 UTC,54.45708946867736,3267049593.5928216,8934912.492371492
2025-05-15 00:00:00 UTC,54.35030386722183,3260498544.5985694,11190317.744005041
2025-05-16 00:00:00 UTC,53.313134765427826,3197497196.3089128,11728261.87638598
2025-05-17 00:00:00 UTC,53.55204731995767,3213122604.4660397,5159406.9351895405
2025-05-18 00:00:00 UTC,53.22223152014996,3193333891.2089977,3607979.553838781
2025-05-19 00:00:00 UTC,53.020610800981224,3180966531.0224233,8216865.689698608
2025-05-20 00:00:00 UTC,52.403830022998086,3150817648.5691385,7990711.5136656035
2025-05-21 00:00:00 UTC,52.21031235967043,3131600630.9749374,6994990.804399973
2025-05-22 00:00:00 UTC,52.44365108112818,3151409836.5330353,9488631.32465277
2025-05-23 00:00:00 UTC,52.80618355404641,3163324534.0328975,11976021.294809015
2025-05-24 00:00:00 UTC,52.174293932688705,3136371584.051409,8879098.021414543
2025-05-25 00:00:00 UTC,52.10726511474215,3126526795.5901957,4439002.487212207
2025-05-26 00:00:00 UTC,52.37904037394352,3142258714.0006366,6618418.686017672
2025-05-27 00:00:00 UTC,52.154314458342,3129293927.4779053,3646326.4097540397
2025-05-28 00:00:00 UTC,52.24832296528136,3134896445.9624305,7326232.180649148
2025-05-29 00:00:00 UTC,52.555230053498086,3153265295.2653713,8323772.27138583
2025-05-30 00:00:00 UTC,51.82178105685239,3109317921.118149,6559309.663148409
2025-05-31 00:00:00 UTC,50.47596057993807,3027345789.8999915,9091617.668822274
2025-06-01 00:00:00 UTC,50.618978981226306,3038140604.09179,6800553.257350136
2025-06-02 00:00:00 UTC,50.09762495239656,3005814453.9724345,4957189.3741560895
2025-06-03 00:00:00 UTC,50.2197978901591,3013133475.644377,8388693.240932554
2025-06-04 00:00:00 UTC,50.190471884903786,3006211294.27758,9701012.956969235
2025-06-05 00:00:00 UTC,50.020788219879826,3001187758.6867013,5307009.783437912
2025-06-06 00:00:00 UTC,49.74994980877578,2984996988.526547,5861391.798349222
2025-06-07 00:00:00 UTC,51.79433825320215,3107660295.192129,9378105.444568142
2025-06-08 00:00:00 UTC,52.22691801438095,3133694641.853431,4518902.4174900325
2025-06-09 00:00:00 UTC,51.94961054502744,3109499723.8978553,12187872.89771651
2025-06-10 00:00:00 UTC,52.81765635629022,3175704876.397912,7948007.545807479
2025-06-11 00:00:00 UTC,53.7159069942003,3222675922.6445317,9261875.011971919
2025-06-12 00:00:00 UTC,53.8006891829779,3228301857.37308,11301281.87124827
2025-06-13 00:00:00 UTC,53.446381495075336,3206725228.1951966,16803072.681089032
2025-06-14 00:00:00 UTC,51.847753593798366,3109570443.4079866,8715323.2913876
2025-06-15 00:00:00 UTC,51.49524271655325,3090204228.254945,3564495.3950704695
2025-06-16 00:00:00 UTC,51.552848130186625,3093339882.3134956,2676279.8561492874
2025-06-17 00:00:00 UTC,51.59750876906343,3096282334.147053,7003233.389191605
2025-06-18 00:00:00 UTC,48.75283895558489,2928769394.071408,37467460.9282116
2025-06-19 00:00:00 UTC,48.13139396199774,2887091540.987715,7384096.661473769
2025-06-20 00:00:00 UTC,52.674619026382864,3162701052.3017035,59865486.35593107
2025-06-21 00:00:00 UTC,51.62530746413365,3099499659.3227887,23076407.749958582
2025-06-22 00:00:00 UTC,50.522519351094864,3033346369.6612883,10276003.275316512
2025-06-23 00:00:00 UTC,49.67368041918667,2981523648.3286595,10928823.87671165
2025-06-24 00:00:00 UTC,52.15747501977255,3130502538.297959,68459219.65745522
2025-06-25 00:00:00 UTC,50.30218051726236,3018810830.187423,28696799.088970095
2025-06-26 00:00:00 UTC,51.188387508331765,3071139427.714581,36073508.36741002
2025-06-27 00:00:00 UTC,50.012554346708605,3000923500.851152,13106044.17172053
2025-06-28 00:00:00 UTC,50.0451054479903,3001853805.225234,5491567.990854832
2025-06-29 00:00:00 UTC,50.13977306002814,3008362307.0140996,3116580.1552996933
2025-06-30 00:00:00 UTC,50.15052384390906,3008744193.4437914,6828791.341263585
2025-07-01 00:00:00 UTC,49.93482014202996,2996472160.7232823,5182469.992873831
2025-07-02 00:00:00 UTC,49.06112824600701,2944157574.0777464,5666265.412905445
2025-07-03 00:00:00 UTC,49.77219145895551,2993622045.3841333,7787524.265741358
2025-07-04 00:00:00 UTC,49.98314117300912,2998899079.139894,5523649.400365957
2025-07-05 00:00:00 UTC,48.88227014949516,2932675904.2592854,8940063.289522514
2025-07-06 00:00:00 UTC,48.72823309972454,2923575547.568844,3382799.104512533
2025-07-07 00:00:00 UTC,48.81578925915835,2929436847.8700314,6784003.670237772
2025-07-08 00:00:00 UTC,48.233894681994855,2894003172.6923075,11308726.187445212
2025-07-09 00:00:00 UTC,48.278636050132015,2896726465.2116,10333903.405749585
2025-07-10 00:00:00 UTC,48.871141529956866,2934260123.0440817,7980850.445442056
2025-07-11 00:00:00 UTC,49.00664843863733,2941020352.23927,15965619.062383642
2025-07-12 00:00:00 UTC,48.74919019158984,2926811153.2139874,19032908.25242013
2025-07-13 00:00:00 UTC,48.618463004191916,2916204694.7740517,8417172.111479316
2025-07-14 00:00:00 UTC,48.67136093792301,2925735277.4357033,6300916.0332961595
2025-07-15 00:00:00 UTC,48.09252278402093,2886262720.6879954,79612894.62398729
2025-07-16 00:00:00 UTC,47.701421940393,2865502110.1960993,12988277.014110656
2025-07-17 00:00:00 UTC,47.0949794354198,2825403433.655359,14612431.935086109
2025-07-18 00:00:00 UTC,47.21534949313943,2830175383.9288716,28632683.311116155
2025-07-19 00:00:00 UTC,48.46046765573702,2906989729.170776,59966859.70314372
2025-07-20 00:00:00 UTC,49.21338476640035,2952173308.660239,14538871.394701358
2025-07-21 00:00:00 UTC,49.0907990532225,2945403491.148291,14214828.12867282
2025-07-22 00:00:00 UTC,49.055461560582714,2942853516.336417,21792506.641033854
2025-07-23 00:00:00 UTC,48.63893971232073,2918190362.1878915,20083664.230701145
2025-07-24 00:00:00 UTC,48.31927945381887,2898604794.1030493,22814800.958317526
2025-07-25 00:00:00 UTC,48.17077418728609,2889885067.80592,11887910.718028272
2025-07-26 00:00:00 UTC,48.06819772489548,2888188112.6637964,12205187.689571077
2025-07-27 00:00:00 UTC,48.54691523799896,2917458573.938042,8251440.018130334
2025-07-28 00:00:00 UTC,48.91882666927478,2935137651.7386284,10764597.982585363
2025-07-29 00:00:00 UTC,48.60068609837046,2915431699.2172956,20741165.836521138
2025-07-30 00:00:00 UTC,48.262622713158706,2894996347.5789113,8412667.20900319
2025-07-31 00:00:00 UTC,47.96656178835914,2878796468.146371,10138712.473267643
2025-08-01 00:00:00 UTC,47.063401787500815,2823098069.2490654,44116309.26069142
2025-08-02 00:00:00 UTC,46.30163444033421,2772353337.342558,26503442.436881743
2025-08-03 00:00:00 UTC,45.97925896322301,2758424131.1041985,49382752.41817708
2025-08-04 00:00:00 UTC,46.40422350260017,2784197918.9668055,6168228.816342254
2025-08-05 00:00:00 UTC,46.67713209566181,2800617963.245163,5905281.531442156
2025-08-06 00:00:00 UTC,45.36235294776905,2721829860.1788325,13494346.726295134
2025-08-07 00:00:00 UTC,45.38033162191108,2722990884.8114114,6388763.451393005
2025-08-08 00:00:00 UTC,45.96744355184863,2757972071.834224,5678573.434338509
2025-08-09 00:00:00 UTC,46.20443251751432,2772696141.208546,6528854.221065184
2025-08-10 00:00:00 UTC,47.01311962167304,2820260059.5142274,7509979.011500001
2025-08-11 00:00:00 UTC,46.61552707455747,2796789055.02115,5670389.438706979
2025-08-12 00:00:00 UTC,46.10615937583441,2765488807.2096424,7723538.356998316
2025-08-13 00:00:00 UTC,46.68564479191685,2799794990.691993,8156195.61393784
2025-08-14 00:00:00 UTC,106.23598036575582,6370500136.941882,3593960006.5930796
2025-08-15 00:00:00 UTC,97.3416876854573,5848474992.937239,1187379874.1036317
2025-08-16 00:00:00 UTC,92.79678359459378,1945957083.369752,656676335.2642518
2025-08-17 00:00:00 UTC,112.54783748651525,2363325938.484225,1477799219.5345411
2025-08-18 00:00:00 UTC,119.64362292177073,2512534513.097574,476331070.69824487
2025-08-19 00:00:00 UTC,120.78247219419688,2538870077.227835,262011693.72875947
2025-08-20 00:00:00 UTC,120.51161711682846,2536276014.104427,282481184.0019645
2025-08-21 00:00:00 UTC,172.95760412107617,3660388821.227861,5113462323.197981
2025-08-22 00:00:00 UTC,228.73554458982733,4803447209.342468,13463496892.279842
2025-08-23 00:00:00 UTC,198.83913808962043,4176552361.1281176,1415131534.631578
2025-08-24 00:00:00 UTC,205.15297676745297,4307543135.971273,554538559.8773999
2025-08-25 00:00:00 UTC,201.45225005585075,4230517636.8837314,490690160.33454925
2025-08-26 00:00:00 UTC,170.35113111984262,3579125431.75892,399911621.62079495
2025-08-27 00:00:00 UTC,176.42297214979632,3704882415.1457224,340893229.8915709
2025-08-28 00:00:00 UTC,171.23990762157396,3595421003.4289784,266391532.36708
2025-08-29 00:00:00 UTC,169.9671661225283,3577279531.738328,230433568.55236036
2025-08-30 00:00:00 UTC,173.1066687377549,3641597000.847918,157292234.30026212
2025-08-31 00:00:00 UTC,179.5544525691052,3767201465.3198624,238766652.3942998
2025-09-01 00:00:00 UTC,173.20365457467923,3637065310.6288557,137308481.56093633
2025-09-02 00:00:00 UTC,167.83358925342202,3523388899.759491,160269323.2974884
2025-09-03 00:00:00 UTC,165.46869186150983,3473445197.369215,98596130.81644292
2025-09-04 00:00:00 UTC,177.21826527769713,3724184203.4296556,273887497.4292951
2025-09-05 00:00:00 UTC,177.4128966926434,3721619859.56237,179082881.89161092
2025-09-06 00:00:00 UTC,183.21550630025578,3840452763.5668635,177361098.90737247
2025-09-07 00:00:00 UTC,202.36726102551347,4240350299.9375257,322189692.3223442
2025-09-08 00:00:00 UTC,196.3947269694372,4127009214.2379303,255413481.98925772
2025-09-09 00:00:00 UTC,189.1115341617491,3971146202.1843677,229595474.56651613
2025-09-10 00:00:00 UTC,192.07017107204123,4033021937.1368074,181282596.5587737
2025-09-11 00:00:00 UTC,191.85091635712436,4029832600.6838846,126643924.273871
2025-09-12 00:00:00 UTC,193.64468178680352,4062964322.321098,124653512.3782827
2025-09-13 00:00:00 UTC,200.56067496021086,4211774174.164427,230851611.83011693
2025-09-14 00:00:00 UTC,201.1259423214809,4222087533.554333,213830946.02122638
2025-09-15 00:00:00 UTC,199.58778114391959,4187253678.362488,129408130.47187623
2025-09-16 00:00:00 UTC,198.53515204827724,4168597577.3581777,141521313.99532467
2025-09-17 00:00:00 UTC,196.22356315206653,4120858450.3294363,90715126.11364898
2025-09-18 00:00:00 UTC,195.32385925504457,4099362230.486166,118717129.89410742
2025-09-19 00:00:00 UTC,195.83158405915205,4113237095.890648,113801236.53083125
2025-09-20 00:00:00 UTC,191.66532248825885,4021875837.664713,97593015.01066191
2025-09-21 00:00:00 UTC,195.94491853364784,4119341629.268672,85565694.79428463
2025-09-22 00:00:00 UTC,197.68527925588225,4151420236.792941,199813930.73975897
2025-09-23 00:00:00 UTC,184.9528840958485,3882595774.0997763,193069978.23365268
2025-09-24 00:00:00 UTC,180.94389713699618,3798427998.557997,92977924.90376571
2025-09-25 00:00:00 UTC,182.36756692817417,3829718905.52689,95237420.71438806
2025-09-26 00:00:00 UTC,186.289563047332,3907639570.4021087,222896920.48535034
2025-09-27 00:00:00 UTC,190.0582043124233,3981491184.9292545,188413710.6921877
2025-09-28 00:00:00 UTC,189.69940056535074,3985482973.481539,76613377.94926041
2025-09-29 00:00:00 UTC,193.64715853516574,4067629642.337598,79149131.88310148
2025-09-30 00:00:00 UTC,190.3625639435787,3997092555.636524,68454221.61462939
2025-10-01 00:00:00 UTC,188.8486345426521,3965315318.8976083,65653450.92818773
2025-10-02 00:00:00 UTC,191.59681202989606,4027967251.393848,85038303.15852074
2025-10-03 00:00:00 UTC,193.02790835641085,4053666497.6124134,131078699.87655185
2025-10-04 00:00:00 UTC,206.9573697126586,4323636692.665309,193608741.07679448
2025-10-05 00:00:00 UTC,228.7394153651891,4813656736.766014,559120394.4408498
2025-10-06 00:00:00 UTC,222.18598313019353,4665596011.566531,193443254.02506998
2025-10-07 00:00:00 UTC,226.28142392187186,4743922493.975295,149435857.8964799
2025-10-08 00:00:00 UTC,221.45774886969812,4650167215.923291,290964801.1136591
2025-10-09 00:00:00 UTC,223.75991250462488,4690744624.825802,170278280.98995116
2025-10-10 00:00:00 UTC,209.68498898839752,4402857374.493751,204857141.15501192
2025-10-11 00:00:00 UTC,176.97926139952955,3744155913.2043633,403609544.7567596
2025-10-12 00:00:00 UTC,174.52450415994625,3666288274.350085,226470414.04160488
2025-10-13 00:00:00 UTC,186.24074499047327,3909022145.3666315,238348176.7241136
2025-10-14 00:00:00 UTC,188.45135658541676,3957678214.018305,190931038.4092529
2025-10-15 00:00:00 UTC,180.77017108756291,3801214217.8786693,184819304.81284106
2025-10-16 00:00:00 UTC,176.95476871784038,3713726097.6385393,117170950.52025084
2025-10-17 00:00:00 UTC,170.50622007667204,3584125836.7046914,117260405.54208314
2025-10-18 00:00:00 UTC,164.6105191649126,3461919669.7414646,156680439.4914323
2025-10-19 00:00:00 UTC,169.4449287615216,3558319363.382597,70702890.1564119
2025-10-20 00:00:00 UTC,170.25122690094932,3573713794.263415,64062960.32364006
2025-10-21 00:00:00 UTC,169.86935995278012,3567185057.3149414,55258026.79170258
2025-10-22 00:00:00 UTC,162.29490785659078,3407827137.2376776,79664623.7668658
2025-10-23 00:00:00 UTC,157.70481321391338,3311687557.53667,83667880.46311508
2025-10-24 00:00:00 UTC,163.52942138788973,3434109647.108641,57799574.81567067
2025-10-25 00:00:00 UTC,164.5542208075346,3455581857.7987432,41478096.254778825
2025-10-26 00:00:00 UTC,167.68112126578978,3521053923.091715,54450262.17205831
2025-10-27 00:00:00 UTC,170.16664054089244,3578641629.2953367,44070073.41867596
2025-10-28 00:00:00 UTC,165.88277264430118,3484914461.940908,64992152.32301237
2025-10-29 00:00:00 UTC,163.09528541831136,3423931366.089148,40088648.949525386
2025-10-30 00:00:00 UTC,160.59494425308534,3370547228.6241713,51198012.42426604
2025-10-31 00:00:00 UTC,148.48093409103674,3114982884.093436,114927775.02506617
2025-11-01 00:00:00 UTC,143.31802595116284,3008002292.784573,75210129.64243084
2025-11-02 00:00:00 UTC,144.66629491437627,3037164026.5066338,52244387.333487354
2025-11-03 00:00:00 UTC,142.43616050060155,2984244823.9876585,54549180.16633673
2025-11-04 00:00:00 UTC,132.93950273363015,2790151015.159284,99107626.23989905
2025-11-05 00:00:00 UTC,123.77298133489822,2598750222.3102965,162033791.84435764
2025-11-06 00:00:00 UTC,124.53965556554961,2615356315.720877,75368904.58264093
2025-11-07 00:00:00 UTC,117.2271165490127,2461594400.496876,89714808.19667435
2025-11-08 00:00:00 UTC,125.14740979217184,2628055005.992493,84510930.68238589
2025-11-09 00:00:00 UTC,123.57675021265484,2595169348.42825,56206541.4136977
2025-11-10 00:00:00 UTC,126.2438044932576,2645346656.4168043,39520064.81519971
2025-11-11 00:00:00 UTC,127.55981198978492,2678778059.2091675,51182763.03347045
2025-11-12 00:00:00 UTC,122.1890923258983,2565866181.6317735,43428204.14616329
2025-11-13 00:00:00 UTC,124.54410772075163,2615363940.605579,38622092.96987712
2025-11-14 00:00:00 UTC,116.88323751400928,2461501083.0014367,56400843.7084845
2025-11-15 00:00:00 UTC,110.35549358108015,2324796163.5282216,71079273.54764736
2025-11-16 00:00:00 UTC,113.07843710766323,2373757687.4947615,30688979.31991792
2025-11-17 00:00:00 UTC,113.9331465462736,2398178028.747644,41897797.70404888
2025-11-18 00:00:00 UTC,112.30583462166783,2357863967.670145,43628235.79642652
2025-11-19 00:00:00 UTC,113.36489743892051,2380577294.6446133,50936086.40590323
2025-11-20 00:00:00 UTC,109.974627388284,2307525561.7806883,47468985.803190395
2025-11-21 00:00:00 UTC,104.7533736253081,2199829744.3145037,39353367.79481099
2025-11-22 00:00:00 UTC,99.06876113326184,2081690338.3730133,97372662.89289811
2025-11-23 00:00:00 UTC,102.21352958047095,2149107321.421286,48482586.019410454
2025-11-24 00:00:00 UTC,103.8114167360218,2182314940.742263,41239179.30055776
2025-11-25 00:00:00 UTC,106.26667217784616,2232531592.475785,40861069.952553086
2025-11-26 00:00:00 UTC,106.29783232245258,2233884579.696294,30027462.73222403
2025-11-27 00:00:00 UTC,110.19418626864886,2313883818.1347694,38160340.442790024
2025-11-28 00:00:00 UTC,111.33465164725882,2339618588.2031846,34537719.341890946
2025-11-29 00:00:00 UTC,109.5455803221472,2304946550.5828314,32364815.354072243
2025-11-30 00:00:00 UTC,105.57062300858973,2217572283.5449724,24219791.749507297
2025-12-01 00:00:00 UTC,105.18193562660859,2211027881.4281173,19965000.951656405
2025-12-02 00:00:00 UTC,98.815080878575,2077369455.5175817,50386115.67553708
2025-12-03 00:00:00 UTC,104.38344793033767,2192070853.6271243,52629210.86065479
2025-12-04 00:00:00 UTC,107.20479734373285,2251458285.613717,41301231.8461858
2025-12-05 00:00:00 UTC,109.16656996865474,2291529534.88036,36339056.9996439
2025-12-06 00:00:00 UTC,103.63000371843142,2176837675.5165496,23559661.311306
2025-12-07 00:00:00 UTC,107.0928384912755,2248753744.4099555,32329884.377252024
2025-12-08 00:00:00 UTC,107.5707406188456,2256041227.363812,25236782.734900553
2025-12-09 00:00:00 UTC,110.8407096570411,2327484755.98716,39711017.5667848
2025-12-10 00:00:00 UTC,116.92732727985408,2463820295.2573075,50825832.44174161
2025-12-11 00:00:00 UTC,118.37802167876094,2487563811.601489,60940230.65496286
2025-12-12 00:00:00 UTC,115.19003002339672,2419811195.6744795,48113312.38369205
2025-12-13 00:00:00 UTC,115.26644190628426,2421203461.278107,31438827.708142392
2025-12-14 00:00:00 UTC,115.3071201143554,2421213119.793468,16016972.908180907
2025-12-15 00:00:00 UTC,108.9957343319129,2290015772.331905,21192490.10896632
2025-12-16 00:00:00 UTC,106.96788035166833,2244944758.7327356,29114122.289531484
2025-12-17 00:00:00 UTC,109.50009302150204,2297923430.403592,25006453.450515736
2025-12-18 00:00:00 UTC,105.70332244419738,2218192097.913983,25189357.708871618
2025-12-19 00:00:00 UTC,103.82241264141487,2179125730.6822963,34162172.62620944
2025-12-20 00:00:00 UTC,107.95997588378012,2266733058.358604,27459743.480832815
2025-12-21 00:00:00 UTC,107.51197201969573,2260751769.642509,11412181.970409328
2025-12-22 00:00:00 UTC,106.82089945273508,2243269312.4872966,14671871.99708913
2025-12-23 00:00:00 UTC,111.10923401847354,2332942743.7217665,32321619.896914996
2025-12-24 00:00:00 UTC,110.05328610180842,2311314214.6325784,20619215.957681093
2025-12-25 00:00:00 UTC,108.59397120649669,2281865120.9117317,16088483.33301471
2025-12-26 00:00:00 UTC,106.91939648055799,2240777022.0631175,10853899.54611281
2025-12-27 00:00:00 UTC,106.82168120730925,2244733947.700971,14662788.636385111
2025-12-28 00:00:00 UTC,108.32339145955201,2266708151.54284,11106574.847520253
2025-12-29 00:00:00 UTC,107.30693047365466,2253096284.261577,12267542.588860312
2025-12-30 00:00:00 UTC,107.16480376476848,2250697425.0816636,24520541.168856073
2025-12-31 00:00:00 UTC,107.0991200308341,2248826261.88175,18192121.15315591
2026-01-01 00:00:00 UTC,109.55721343837803,2300826958.833927,27063212.809180044
2026-01-02 00:00:00 UTC,110.19001994095593,2313152729.7821965,15993437.36560773
2026-01-03 00:00:00 UTC,112.38191210943675,2359695603.3697305,24794998.54266372
2026-01-04 00:00:00 UTC,113.60243656983477,2385681505.6146617,22837445.626040224
2026-01-05 00:00:00 UTC,113.4377791101787,2382209470.4654546,30017465.817275893
2026-01-06 00:00:00 UTC,115.42736844772382,2424675622.3946424,32190304.330114935
2026-01-07 00:00:00 UTC,114.91066529980569,2411450979.220456,30666970.84033119
2026-01-08 00:00:00 UTC,111.80258339879202,2347873760.4950147,19498341.72223974
2026-01-09 00:00:00 UTC,110.30611104109279,2317402911.98317,20030493.30211197
2026-01-10 00:00:00 UTC,110.44828114378198,2319963738.2712545,15287104.811739696
2026-01-11 00:00:00 UTC,109.92473060763183,2308522959.187576,7398936.389736309
2026-01-12 00:00:00 UTC,110.80253157454857,2326676850.645256,9515050.363180112
2026-01-13 00:00:00 UTC,110.98777984771155,2331143886.5340066,19679877.43168018
2026-01-14 00:00:00 UTC,116.69992707337232,2450141983.68853,48451773.933233395
2026-01-15 00:00:00 UTC,116.86421979081983,2453412926.684914,44681977.82017592
2026-01-16 00:00:00 UTC,114.56943838146674,2405350162.1163735,25798306.9964806
2026-01-17 00:00:00 UTC,114.70357702150521,2408956818.350712,25988661.506497882
2026-01-18 00:00:00 UTC,114.0804078159518,2395535502.497418,13210909.3310429
2026-01-19 00:00:00 UTC,112.44362061158915,2362614681.9323244,12024940.057492433
2026-01-20 00:00:00 UTC,108.66581684954065,2282077758.5199404,29753754.115688823
2026-01-21 00:00:00 UTC,102.37907039106072,2149964470.3412843,31956976.27786949
2026-01-22 00:00:00 UTC,103.96223749674793,2183299840.373837,20099874.68873929
2026-01-23 00:00:00 UTC,103.3223517842497,2169589188.126946,14253366.285193488
2026-01-24 00:00:00 UTC,102.8201814106801,2158241086.50477,14438002.23788997
2026-01-25 00:00:00 UTC,103.23073617196246,2167860641.7535725,12885785.091607915
2026-01-26 00:00:00 UTC,101.30691746881558,2126738520.3052926,25152852.241941083
2026-01-27 00:00:00 UTC,103.38847678812493,2171817222.779177,15378330.850551253
2026-01-28 00:00:00 UTC,106.4015144042885,2235628608.5920753,17252708.605073977
2026-01-29 00:00:00 UTC,106.06113183990468,2227283768.6379967,23778406.476919226
2026-01-30 00:00:00 UTC,102.61616093389641,2154874635.4134803,27560053.39570722
2026-01-31 00:00:00 UTC,101.49355106252928,2130712256.3212037,29849763.998819053
2026-02-01 00:00:00 UTC,90.63453172391654,1904130073.1844823,61958872.61459758
2026-02-02 00:00:00 UTC,87.84457373455618,1845886672.3712313,30991464.428710602
2026-02-03 00:00:00 UTC,89.00641708942779,1869502956.3823657,39441080.2836353
2026-02-04 00:00:00 UTC,83.91865998323931,1762547995.6841679,30038326.092485085
2026-02-05 00:00:00 UTC,81.46492352633912,1710867443.418215,34916332.25016125
2026-02-06 00:00:00 UTC,68.42024063718388,1436825053.3808615,66573988.365737215
2026-02-07 00:00:00 UTC,75.50567843139551,1585623062.1679504,69279865.0751014
2026-02-08 00:00:00 UTC,75.5851079837297,1587299978.3256586,35373537.644992135
2026-02-09 00:00:00 UTC,76.1380054562983,1599060735.3855453,17319661.550653063
2026-02-10 00:00:00 UTC,75.95728259806157,1595118636.5652573,18343800.364981424
2026-02-11 00:00:00 UTC,75.96847977767226,1595400700.5962603,19976118.94831707
2026-02-12 00:00:00 UTC,73.11921218449065,1535186739.3775315,21809758.175456647
2026-02-13 00:00:00 UTC,74.78651262115089,1570230255.8813744,17223244.16749356
2026-02-14 00:00:00 UTC,77.00158031222934,1616985591.388659,17231425.585081436
2026-02-15 00:00:00 UTC,80.78969719134312,1697590340.7348928,21289110.998342346
2026-02-16 00:00:00 UTC,79.2608045564681,1663767668.898999,21639844.685243
2026-02-17 00:00:00 UTC,79.8097374424648,1675452396.39348,17103354.71176481
2026-02-18 00:00:00 UTC,80.03798591113011,1680797704.1337323,13036683.009604339
2026-02-19 00:00:00 UTC,77.47852344496991,1626015276.508803,13780236.517444054
2026-02-20 00:00:00 UTC,80.21685844281359,1683894239.468109,11106325.036147367
2026-02-21 00:00:00 UTC,79.62546157294129,1671818324.003579,13422244.923342654
2026-02-22 00:00:00 UTC,78.99618364843371,1658791468.0394511,15185234.833917944
2026-02-23 00:00:00 UTC,77.49334895308024,1627107950.2685678,11400732.12850054
2026-02-24 00:00:00 UTC,74.48028260713599,1565151620.88129,15118861.392494224
2026-02-25 00:00:00 UTC,74.04495332922926,1555457173.0722432,13628484.107984899
2026-02-26 00:00:00 UTC,77.19638827746276,1616208554.6246035,21261550.137569405
2026-02-27 00:00:00 UTC,77.6673813793071,1629761230.588868,22910581.73252744
2026-02-28 00:00:00 UTC,76.320337972927,1602553303.0150185,15873961.20181486
2026-03-01 00:00:00 UTC,76.93074402865346,1614642388.5636706,17849712.748271357
2026-03-02 00:00:00 UTC,75.81761147920193,1591511544.641277,15578587.766125586
2026-03-03 00:00:00 UTC,76.81497480760387,1611309233.163719,15384745.713283813
2026-03-04 00:00:00 UTC,75.96217261932438,1595601124.8116896,13174707.231958687
2026-03-05 00:00:00 UTC,77.62462571237772,1630337760.8230278,22996590.977125183
2026-03-06 00:00:00 UTC,95.9538903654367,2009804058.3463624,367653755.20717776
2026-03-07 00:00:00 UTC,95.49731021433514,2013655298.364551,108152930.67336704
2026-03-08 00:00:00 UTC,102.41034506699867,2144577432.1554303,71762262.6683852
2026-03-09 00:00:00 UTC,97.61844167881858,2055190012.4396214,46138469.8247683
2026-03-10 00:00:00 UTC,97.00792582481017,2037448257.0205626,36050821.18931559
2026-03-11 00:00:00 UTC,97.41978718748719,2045997513.4941096,31907004.558255427
